Email,Profile URL,City,Type
tskirvin@sbcgobal,example, New York,CONSumer
mmccool@outlook.com,http://www.example.com/,Los Angeles,Business
bonmots@sbcglobal.net,https://www.example.com/,Chicago,Consumer
cgreuter@me.com,https://example,Houston[3],Business
icloud.com,https://www.example.p,New York,Consumer
pakaste@live.com,http://example.edu/arch/act.html,Philadelphia[e],BIZ
jimmichie@mac.com,https://www.example.com/?afterthought=boy#box,San Antonio,Consumer
metzzo@comcast.net,http://www.example.com/airplane.php,San Diego, business
gator,http://www.example.com/amusement.html,Dallas,corporate
dieman@comcast.net,https://www.example.com/bike/boundary.html,San Jose,Business
jadavis@sbcglobal.net,https://act.example.com/authority/birthday.php,Austin,Consumer
corrada@me.com,https://www.example.org/board/approval.htm?babies=blade,Jacksonville[f],Business
jadavi.net,http://www.example.com/,Fort Worth,corporate
kjetilk@outlook.com,https://example.com/?arithmetic=boy&apparatus=bed,Columbus,corporate
jmorris@outlook.com,http://www.example.com/#bell,Charlotte,corporate
pontipak@verizon.net,http://ball.example.com/aunt/baseball.aspx,San Francisco[g],Business
jamuir@mac.com,http://example.com/air,Indianapolis[h],Consumer
eidac@comcast.net,http://boot.example.edu/bells.aspx#attraction,Seattle,Business
cfhsoft@verizon.net,https://www.example.net/,Denver[i],Consumer
ideguy@gmail.com,http://example.com/,Washington[j], con
pierce@outlook.com,https://www.example.com/,Boston,Business
msherr@hotmail.com,https://beef.example.org/army.aspx?baby=apparatus&box=back,El Paso,Business
delpino@yahoo.ca,http://example.com/arithmetic/brother.html?bubble=basin&bubble=arch,Nashville[k],Business
onestab@verizon.net,http://www.example.com/beginner,Detroit,Business
pakaste@me.com,https://example.com/apparel/bear#brake,Oklahoma City,Business
cgarcia@hotmail.com,http://bear.example.org/,Portland,buss
afeldspar@msn.com,http://www.example.com/?bite=advertisement,Las Vegas,Business
kdawson@verizon.net,https://www.example.com/,Memphis,Business
papathan@optonline.net,http://www.example.com/,Louisville[l],Business
fangorn@mac.com,https://www.example.org/addition.php,Baltimore[m],Business
psichel@yahoo.ca,http://www.example.edu/,Milwaukee,Business
jfinke@att.net,https://www.example.com/bear.php,Albuquerque,Business
tamas@gmail.com,https://example.com/,Tucson,Business
dhwon@verizon.net,http://www.example.com/base,Fresno,Business
jaxweb@hotmail.com,http://www.example.org/#arithmetic,Mesa,Business
rwelty@aol.com,http://www.example.com/arithmetic/battle.aspx,Sacramento,Business
quantaman@outlook.com,http://air.example.net/arch/bear.php,Atlanta,Business
ullman@outlook.com,https://www.example.org/basketball.htm,Kansas City,Business
brainless@hotmail.com,https://example.com/aunt/bubble.htm,Colorado Springs,Business
brickbat@live.com,https://badge.example.com/,Omaha,Business
kjohnson@icloud.com,https://www.example.com/,Raleigh,Business
starstuff@gmail.com,https://www.example.com/basket,Miami,Business
liedra@verizon.net,https://achiever.example.com/,Long Beach,Consumer
studyabr@yahoo.ca,https://example.com/bait.aspx,Virginia Beach[m],Consumer
atmarks@msn.com,http://example.com/beef/bells.php,Oakland,Consumer
djpig@optonline.net,http://example.com/,Minneapolis,Consumer
william@gmail.com,https://www.example.com/action/bee,Tulsa,Consumer
fallorn@outlook.com,https://www.example.com/,Tampa,Consumer
shazow@yahoo.ca,http://www.example.org/,Arlington,Consumer
weazelman@icloud.com,https://www.example.net/,New Orleans[n],Consumer
xnormal@icloud.com,http://www.example.com/,Wichita,Consumer
tmccarth@yahoo.ca,http://www.example.org/,Bakersfield,Consumer
mchugh@me.com,https://www.example.com/battle/addition.aspx,Cleveland,Consumer
drezet@verizon.net,https://example.com/,Aurora,Consumer
ghaviv@aol.com,https://example.net/,Anaheim,Consumer
campbell@optonline.net,http://www.example.net/apparatus.htm?baseball=bikes,Honolulu[b],Business
whimsy@outlook.com,http://example.com/babies/bath,Santa Ana,Consumer
jmcnamara@sbcglobal.net,http://www.example.com/baseball/baby.html?beef=account&basin=bone,Riverside,Consumer
mjewell@msn.com,https://www.example.com/,Corpus Christi,Consumer
dieman@comcast.net,https://bite.example.com/,Lexington[o],Business
bonmots@optonline.net,https://bedroom.example.com/,Henderson,Consumer
stewwy@optonline.net,https://www.example.com/?blood=advertisement&believe=beef,Stockton,Consumer
matthijs@gmail.com,http://apparel.example.org/babies?bike=apparatus&arch=birth,Saint Paul,Consumer
eegsa@yahoo.com,https://example.net/bite/account.htm,Cincinnati,Consumer
fatelk@yahoo.ca,https://www.example.net/,St. Louis[m],Consumer
crowemojo@sbcglobal.net,http://www.example.com/,Pittsburgh,Consumer
wojciech@yahoo.com,http://example.com/,Greensboro,Consumer
earmstro@att.net,http://example.com/?belief=bed&basin=birds,Lincoln,Consumer
kodeman@outlook.com,https://example.com/?boy=bite&bed=bike,Anchorage[p],Consumer
parrt@icloud.com,http://bridge.example.com/,Plano,Consumer
shrapnull@yahoo.ca,http://www.example.com/babies/act.html,Orlando,Business
ahmad@yahoo.com,https://www.example.com/?bomb=afternoon&blow=bee,Irvine,Consumer
fraterk@aol.com,http://www.example.com/boot.aspx,Newark,Consumer
ateniese@gmail.com,http://bird.example.com/,Durham,Consumer
ducasse@msn.com,https://www.example.com/basin/anger,Chula Vista,Business
rfoley@live.com,https://www.example.com/brother,Toledo,Business
wsnyder@sbcglobal.net,https://www.example.com/bear,Fort Wayne,Business
kiddailey@verizon.net,https://www.example.com/beds.php,St. Petersburg,Business
thurston@mac.com,https://www.example.com/,Laredo,Business
inico@gmail.com,https://www.example.com/angle/believe,Jersey City,Business
plover@yahoo.com,http://example.com/actor.php,Chandler,Business
studyabr@msn.com,http://example.com/,Madison,Business
gamma@icloud.com,http://anger.example.net/appliance?advertisement=brick,Lubbock,Business
carreras@comcast.net,https://www.example.com/,Scottsdale,Consumer
granboul@icloud.com,https://www.example.com/believe,Reno,Consumer
nanop@yahoo.ca,http://www.example.com/apparatus/afternoon,Buffalo,Consumer
martink@mac.com,https://www.example.org/bit.aspx,Gilbert[q],Consumer
sassen@yahoo.com,https://bikes.example.com/,Glendale,Consumer
peoplesr@verizon.net,http://aunt.example.com/bat/afternoon.php,North Las Vegas,Consumer
willg@gmail.com,https://arm.example.com/,Winston–Salem,Consumer
dgriffith@gmail.com,http://example.com/apparatus.html,Chesapeake[m],Consumer
pajas@verizon.net,http://example.com/arm,Norfolk[m],Consumer
bachmann@optonline.net,https://bag.example.com/basketball.php#arch,Fremont,Business
citadel@live.com,https://www.example.com/#boundary,Garland,Business
kayvonf@live.com,https://www.example.com/?arm=amount,Irving,Business
esbeck@msn.com,https://example.net/,Hialeah,Business
pizza@hotmail.com,https://battle.example.com/birthday,Richmond[m],Business
dkrishna@outlook.com,https://arch.example.net/?bee=branch&baby=attraction,Boise[r],Business
knorr@msn.com,http://angle.example.net/,Spokane,Business
arebenti@icloud.com,http://example.com/addition,Baton Rouge[s],Business