Email,Profile URL,City
tskirvin@sbcgobal,example, New York
mmccool@outlook.com,http://www.example.com/,Los Angeles
bonmots@sbcglobal.net,https://www.example.com/,Chicago
cgreuter@me.com,https://example,Houston[3]
icloud.com,https://www.example.p,New York
pakaste@live.com,http://example.edu/arch/act.html,Philadelphia[e]
jimmichie@mac.com,https://www.example.com/?afterthought=boy#box,San Antonio
metzzo@comcast.net,http://www.example.com/airplane.php,San Diego
gator,http://www.example.com/amusement.html,Dallas
dieman@comcast.net,https://www.example.com/bike/boundary.html,San Jose
jadavis@sbcglobal.net,https://act.example.com/authority/birthday.php,Austin
corrada@me.com,https://www.example.org/board/approval.htm?babies=blade, New York
jadavi.net,http://www.example.com/,Fort Worth
kjetilk@outlook.com,https://example.com/?arithmetic=boy&apparatus=bed,Columbus
jmorris@outlook.com,http://www.example.com/#bell,Charlotte
pontipak@verizon.net,http://ball.example.com/aunt/baseball.aspx,San Francisco[g]
jamuir@mac.com,http://example.com/air,Indianapolis[h]
eidac@comcast.net,http://boot.example.edu/bells.aspx#attraction,Seattle
cfhsoft@verizon.net,https://www.example.net/,Denver[i]
ideguy@gmail.com,http://example.com/,Washington[j]
pierce@outlook.com,https://www.example.com/,Boston
msherr@hotmail.com,https://beef.example.org/army.aspx?baby=apparatus&box=back,El Paso
delpino@yahoo.ca,http://example.com/arithmetic/brother.html?bubble=basin&bubble=arch,Nashville[k]
onestab@verizon.net,http://www.example.com/beginner,Detroit
pakaste@me.com,https://example.com/apparel/bear#brake,Oklahoma City
cgarcia@hotmail.com,http://bear.example.org/,Portland
afeldspar@msn.com,http://www.example.com/?bite=advertisement,Las Vegas
kdawson@verizon.net,https://www.example.com/,Memphis
papathan@optonline.net,http://www.example.com/,Louisville[l]
fangorn@mac.com,https://www.example.org/addition.php,Baltimore[m]
psichel@yahoo.ca,http://www.example.edu/,Milwaukee
jfinke@att.net,https://www.example.com/bear.php,Albuquerque
tamas@gmail.com,https://example.com/,Tucson
dhwon@verizon.net,http://www.example.com/base,Fresno
jaxweb@hotmail.com,http://www.example.org/#arithmetic,Mesa
rwelty@aol.com,http://www.example.com/arithmetic/battle.aspx,Sacramento
quantaman@outlook.com,http://air.example.net/arch/bear.php,Atlanta
ullman@outlook.com,https://www.example.org/basketball.htm,Kansas City
brainless@hotmail.com,https://example.com/aunt/bubble.htm,Colorado Springs
brickbat@live.com,https://badge.example.com/,Omaha
kjohnson@icloud.com,https://www.example.com/,Raleigh
starstuff@gmail.com,https://www.example.com/basket,Miami
liedra@verizon.net,https://achiever.example.com/,Long Beach
studyabr@yahoo.ca,https://example.com/bait.aspx,Virginia Beach[m]
atmarks@msn.com,http://example.com/beef/bells.php,Oakland
djpig@optonline.net,http://example.com/,Minneapolis
william@gmail.com,https://www.example.com/action/bee,Tulsa
fallorn@outlook.com,https://www.example.com/,Tampa
shazow@yahoo.ca,http://www.example.org/,Arlington
weazelman@icloud.com,https://www.example.net/,New Orleans[n]
xnormal@icloud.com,http://www.example.com/,Wichita
tmccarth@yahoo.ca,http://www.example.org/,Bakersfield
mchugh@me.com,https://www.example.com/battle/addition.aspx,Cleveland
drezet@verizon.net,https://example.com/,Aurora
ghaviv@aol.com,https://example.net/,Anaheim
campbell@optonline.net,http://www.example.net/apparatus.htm?baseball=bikes,Honolulu[b]
whimsy@outlook.com,http://example.com/babies/bath,Santa Ana
jmcnamara@sbcglobal.net,http://www.example.com/baseball/baby.html?beef=account&basin=bone,Riverside
mjewell@msn.com,https://www.example.com/,Corpus Christi
dieman@comcast.net,https://bite.example.com/,Lexington[o]
bonmots@optonline.net,https://bedroom.example.com/,Henderson
stewwy@optonline.net,https://www.example.com/?blood=advertisement&believe=beef,Stockton
matthijs@gmail.com,http://apparel.example.org/babies?bike=apparatus&arch=birth,Saint Paul
eegsa@yahoo.com,https://example.net/bite/account.htm,Cincinnati
fatelk@yahoo.ca,https://www.example.net/,St. Louis[m]
crowemojo@sbcglobal.net,http://www.example.com/,Pittsburgh
wojciech@yahoo.com,http://example.com/,Greensboro
earmstro@att.net,http://example.com/?belief=bed&basin=birds,Lincoln
kodeman@outlook.com,https://example.com/?boy=bite&bed=bike,Anchorage[p]
parrt@icloud.com,http://bridge.example.com/, New York
shrapnull@yahoo.ca,http://www.example.com/babies/act.html,Orlando
ahmad@yahoo.com,https://www.example.com/?bomb=afternoon&blow=bee,Irvine
fraterk@aol.com,http://www.example.com/boot.aspx,Newark
ateniese@gmail.com,http://bird.example.com/,Durham
ducasse@msn.com,https://www.example.com/basin/anger,Chula Vista
rfoley@live.com,https://www.example.com/brother,Toledo
wsnyder@sbcglobal.net,https://www.example.com/bear,Fort Wayne
kiddailey@verizon.net,https://www.example.com/beds.php,St. Petersburg
thurston@mac.com,https://www.example.com/,Laredo
inico@gmail.com,https://www.example.com/angle/believe,Jersey City
plover@yahoo.com,http://example.com/actor.php,Chandler
studyabr@msn.com,http://example.com/,Madison
gamma@icloud.com,http://anger.example.net/appliance?advertisement=brick,Lubbock
carreras@comcast.net,https://www.example.com/,Scottsdale
granboul@icloud.com,https://www.example.com/believe,Reno
nanop@yahoo.ca,http://www.example.com/apparatus/afternoon,Buffalo
martink@mac.com,https://www.example.org/bit.aspx,Gilbert[q]
sassen@yahoo.com,https://bikes.example.com/,Glendale
peoplesr@verizon.net,http://aunt.example.com/bat/afternoon.php,North Las Vegas
willg@gmail.com,https://arm.example.com/,Winston–Salem
dgriffith@gmail.com,http://example.com/apparatus.html,New York
pajas@verizon.net,http://example.com/arm,Norfolk[m]
bachmann@optonline.net,https://bag.example.com/basketball.php#arch,Fremont
citadel@live.com,https://www.example.com/#boundary,Garland
kayvonf@live.com,https://www.example.com/?arm=amount, New York
esbeck@msn.com,https://example.net/,Hialeah
pizza@hotmail.com,https://battle.example.com/birthday,Richmond[m]
dkrishna@outlook.com,https://arch.example.net/?bee=branch&baby=attraction,Boise[r]
knorr@msn.com,http://angle.example.net/,Spokane
arebenti@icloud.com,http://example.com/addition,Baton Rouge[s]