return_id,purchase_id,status
739,3863470,Return Started
740,3865399,Return Started
741,3859202,Return Completed
742,3865936,Return Started
743,3865553,Return Received
744,B21865C6-958D-B2EC-A940-5657BC03E463,Return Completed
745,3860635,Return Received
746,3863383,Return Completed
747,3858786,Return Started
748,3863896,Return Started
749,59DFBE33-0F4C-0FD5-BD20-199AD8A29B75,Return Started
750,3860668,Return Completed
751,D56917AE-8686-6EC7-BE5D-7BCE89A2EA19,Return Completed
752,3869979,Return Started
753,3870821,Return Started
754,28687F33-B29D-E535-F8C0-A127EC464D86,Return Started
755,22FCB31D-2D50-CAE3-6666-21B69E4387CB,Return Started
756,702CC49F-E46C-A40C-C98F-4BFFB4C091C0,Return Started
757,3863673,Return Received
758,3862016,Return Started
759,3857372,Return Received
760,42538287-C854-ADA0-5140-4F991EC98453,Return Completed
761,3859655,Return Started
762,3862351,Return Started
763,3862601,Return Received
764,87617782-DD5C-E679-EE27-50D849E9318D,Return Received
765,B57AECFD-11BA-FC5D-87E6-1B5F2A61E34A,Return Received
766,3867281,Return Received
767,3865896,Return Started
768,FABCEF65-02E9-834A-29F1-6F80E1B8B150,Return Completed
769,E3D33BBC-18AA-2B4F-DD7A-1850BD361F5A,Return Received
770,DA630E25-5705-07EC-7F2F-A8E69FA9250D,Return Received
771,4C17B4B6-0288-1D0E-97BB-6FE26B87C4EF,Return Received
772,87EC2F31-4D43-53E1-AA17-23A9D96C8719,Return Started
773,3870567,Return Received
774,675D7FF4-D82C-9A6F-AB85-C78570469EDB,Return Completed
775,3857810,Return Completed
776,36FD2257-13ED-F2A8-0753-D2F835D78DE4,Return Completed
777,3869062,Return Received
778,3866520,Return Completed
779,7EF49AD5-2D0C-4CE2-B210-FCE68CB42A8A,Return Received
780,20EE508B-B7D0-9E34-7B93-F805EF70E430,Return Completed
781,8910532F-F163-AA80-AE0A-F2A9DE754E14,Return Completed
782,3859084,Return Completed
783,3859382,Return Started
784,3863444,Return Received
785,3866135,Return Received
786,3858039,Return Started
787,3857483,Return Started
788,CDBC24FC-0464-DA52-03F3-3D2FDC8921FC,Return Completed
789,3863743,Return Started
790,22964E11-82DE-0F2F-9E93-9C112A9CF755,Return Received
791,3861003,Return Received
792,3858367,Return Received
793,3869966,Return Completed
794,B7D53FA8-A40D-E9E9-A4C0-0860B4233FCD,Return Completed
795,8D10C59B-A502-FC58-6E2B-608F668DB5A7,Return Completed
796,319D7E02-9B9F-1F55-6DBE-14B04CE1E026,Return Started
797,3860300,Return Started
798,3865996,Return Started
799,FBF6F99F-F8F8-9358-7B0D-681D51100D6C,Return Received
801,0ED37369-4E4B-FD1E-145E-7879B771215C,Return Received
802,FDD36FB3-4844-FF79-C6AE-A258845F0B40,Return Completed
803,3863725,Return Started
804,3864517,Return Completed
805,03BFCB1D-6AAA-636B-4889-CA584AA05A64,Return Received
807,3861077,Return Completed
808,3859812,Return Started
809,51FFB50A-DFA5-F0AA-C8E0-178333A5CBB3,Return Started
810,EEC01102-C27C-AF7E-37B5-F02FFB3DF4AF,Return Completed
811,3864009,Return Started
812,3866103,Return Received
813,3869260,Return Received
814,3859126,Return Received
815,387C76C9-CD55-4346-DE06-3E9CE8DBC5B4,Return Started
816,3859574,Return Received
817,5731748E-0E1C-7AC7-E3BC-86703CDEEACB,Return Started
818,3862009,Return Started
819,258A6379-CD38-312B-A8E6-51D3361BBF13,Return Completed
820,2C17374B-1A8C-3EF6-551F-050737713215,Return Received
821,3858605,Return Completed
822,3858310,Return Started
823,3861245,Return Started
824,3863745,Return Received
825,3870204,Return Completed
827,F724DF20-00E6-EB04-DAEE-5037E5C218F0,Return Started
828,3866047,Return Started
829,3871167,Return Completed
830,3865348,Return Completed
831,3863574,Return Received
832,6F0530F6-3814-AE13-0A8E-573641326254,Return Received
833,3869816,Return Started
834,3869435,Return Received
835,8792864F-7D90-CA14-5636-D536202D715A,Return Received
836,3856441,Return Received
837,99028DC2-3133-20CA-5AD8-8CE89A52F537,Return Completed
838,3862131,Return Received
839,3288AA63-1B36-B8E2-CA61-27C2DE2977BB,Return Started
840,3864548,Return Started
841,226BC2EF-D00B-5D89-3729-ABAF4898DF85,Return Completed
842,3860186,Return Completed
843,3857498,Return Started
844,DDBCB2A0-1E3C-D7E8-C1DC-0665C572174E,Return Started
845,3869190,Return Started
846,3859720,Return Received
847,3864670,Return Received
848,634492BC-DE98-F6DB-4B33-B7B4CC2573A4,Return Completed
849,3867308,Return Received
850,CE03185D-5C90-9FD9-B75B-A10868B44EAA,Return Completed
851,2009A8A8-E658-7298-2329-A336971809B9,Return Received
852,3859691,Return Started
853,9E3E4678-DAE6-232B-4A8D-8F79A5A19335,Return Completed
854,3857690,Return Started
855,37C455A6-9DCB-9FFE-AEF5-B21F050FDFED,Return Started
856,3866176,Return Completed
857,E08C18C8-A193-9AB3-6427-7BAC40C5F5F9,Return Started
858,3864756,Return Received
859,3857312,Return Completed
860,3862347,Return Completed
861,DE076C95-A9EB-2BC7-DE4C-6D7866297600,Return Completed
862,F7660C4E-F7E1-786A-8628-1CA1BAAC44FF,Return Received
863,3869001,Return Completed
864,EC6DF8DE-A757-D1B6-458F-82A934B18B00,Return Completed
865,3866142,Return Completed
866,3867364,Return Received
867,130E9420-1B63-7ED3-CC36-ADE1E986901A,Return Started
868,3867941,Return Started
869,7BB8E69B-895D-47D4-C522-3A9218AD0628,Return Started
870,3866000,Return Received
871,3865579,Return Started
872,39124D43-F1C8-AD12-6694-6866B79F5707,Return Received
873,BA99DBA3-4329-B0A2-D2C3-6D95AD2FF841,Return Received
874,3866511,Return Started
876,5B54F25E-D031-993E-3645-970F1C6B8D31,Return Started
877,E9A78FD8-1F4E-4728-0ED1-BD6B6B14BB4A,Return Completed
878,6C2CF8B8-9CBE-C7E7-0DF5-538A04E809CF,Return Completed
879,3868031,Return Started
880,6FC9D7E3-9DC3-BB08-A3B5-5FB4BE6344DE,Return Completed
881,C8CD8875-44A3-2296-345A-E84BB0123D14,Return Received
882,3865980,Return Started
883,3869341,Return Started
884,3870579,Return Completed
885,3859365,Return Started
886,3858953,Return Started
887,3862798,Return Completed
888,6C855139-6F93-0116-13B3-3AAE94C5959A,Return Started
889,E884DC6D-34D9-082E-7C41-29861B6F9BC0,Return Received
890,87B12F4C-6694-A1C1-913D-831224E39A5F,Return Started
891,50925929-10C8-0719-34E6-4A0CBDC1BC0B,Return Received
892,3869358,Return Started
893,3865147,Return Started
894,3865381,Return Started
895,3857689,Return Completed
896,3866758,Return Started
897,3860647,Return Completed
898,3861254,Return Completed
899,3863231,Return Completed
900,3870036,Return Completed
901,3861975,Return Received
903,3857295,Return Started
904,3051E890-05DA-DCED-35C9-B5E3CBA68D39,Return Started
906,3865829,Return Started
907,3863028,Return Started
908,3862863,Return Completed
909,D1C74012-04BE-776E-6128-C91AA757BFAF,Return Started
910,3865578,Return Completed
911,3857979,Return Started
912,FE56EB9E-8128-EDD3-8154-3E8C641F0651,Return Completed
913,512CC347-536A-41BD-4C11-7BC375A37003,Return Completed
914,3858405,Return Received
915,3871106,Return Completed
916,3870673,Return Received
917,3865305,Return Received
918,3860613,Return Completed
919,3863044,Return Completed
921,EF516C73-8328-35E5-E631-AE69F2A671FD,Return Completed
922,3859199,Return Completed
923,3862194,Return Started
924,15AE538C-FE3A-0DA1-4D98-8E8921CA9A8A,Return Completed
926,3857476,Return Started
927,3864468,Return Started
928,3861778,Return Started
929,3859085,Return Completed
930,3869892,Return Started
931,F86FB70A-489F-7C6D-E7FA-10502FA859B2,Return Started
932,3869914,Return Completed
933,3865869,Return Started
934,69FA8B77-BFE0-D197-1CDB-C804CBF08BD3,Return Started
935,3859681,Return Received
937,3867395,Return Completed
938,3863827,Return Started
939,3860505,Return Received
940,3857354,Return Received
941,3857621,Return Completed
942,7CD9B4CC-3A15-6325-AED6-1F3829366F55,Return Completed
943,3861121,Return Started
944,2582D3B5-6E75-55B9-6D9C-83829B5EB6AF,Return Completed
945,E1347BA7-A604-8EA4-7E80-F2E8EC7AB291,Return Received
946,3856593,Return Started
947,3864898,Return Received
948,F9F4DA8D-E070-575C-86D8-795E766252C4,Return Received
949,3866383,Return Started
951,65B3D474-E96E-9F0B-A95C-984A6691FE22,Return Completed
952,3862682,Return Started
953,3867404,Return Completed
954,2F0C3B88-ADFA-AF0E-5EB3-D795C9BB6B76,Return Started
955,3865021,Return Completed
956,3859012,Return Completed
957,3862288,Return Completed
958,C29063A6-D72F-5C95-4323-7A7E479AD97E,Return Received
959,3860709,Return Completed
960,3871093,Return Received
961,48716A5D-6BD6-DDEA-1100-0308BCD69213,Return Started
962,D6C97A15-93FB-A3FF-3D0D-486F6314AE80,Return Completed
963,3857544,Return Received
964,3869795,Return Received
966,3870114,Return Completed
967,3867345,Return Completed
969,B9CB9786-D65B-F5D3-EB07-D63B016865F7,Return Completed
970,3869551,Return Started
971,3871110,Return Completed
972,305F86A8-E05E-02F9-EE66-A9CFF7F25B50,Return Received
973,3870897,Return Started
974,F99FB398-2679-F622-C3DC-847899AE5CF1,Return Completed
975,3861669,Return Started
976,3862382,Return Started
977,3868656,Return Started
979,3857907,Return Received
980,DA6FB1CE-E96E-4DDA-935A-D7AC8E4301AC,Return Received
981,4F949629-15C7-C045-311D-FCCFD311EF9D,Return Received
982,12726225-0982-AA1F-FB3C-87F2B2C20AD3,Return Received
983,3857940,Return Completed
984,31D5D988-43B5-6BA5-C9A6-A16BFD7D88A2,Return Completed
986,88A17455-AE75-110F-0D8A-D114A337B7B8,Return Started
988,BA1C9631-10F0-33E5-ED92-6505FC5999A9,Return Completed
989,3865726,Return Started
990,3860127,Return Completed
991,5D8EF132-92DD-5EA8-1918-3AC2342F2D9A,Return Received
993,3861646,Return Received
994,D03EB7A3-DF47-4A1E-81BA-F60471985337,Return Completed
995,3860342,Return Completed
996,3858624,Return Started
997,3867925,Return Started
998,3869732,Return Received
999,3863605,Return Started
1000,A3AEA09D-A6A2-9C2F-2AC5-38AEC650D205,Return Started
1001,3868114,Return Received
1002,A7984FA4-B9E5-6F1E-C15C-19EBA0F0930A,Return Received
1003,3865072,Return Received
1004,3866696,Return Completed
1007,3860482,Return Completed
1009,3863547,Return Completed
1010,3870225,Return Received
1011,3859958,Return Started
1013,3E712CF0-99FF-315D-1583-FBF475D4E47B,Return Completed
1014,3FFC262F-FEE9-C490-89A8-B2B91E8B0F6A,Return Completed
1016,6E0E9F1D-2EFB-AEE6-4D53-BDDBCF2D8E05,Return Received
1017,3859901,Return Received
1018,3870370,Return Received
1019,3858711,Return Completed
1020,B2945019-97F4-2ED0-A4D2-9733D44D97EC,Return Started
1021,3856395,Return Received
1022,3859725,Return Received
1023,9718FC19-E33B-EFDA-909E-DD98B36D514C,Return Completed
1024,3866894,Return Completed
1026,1A87B49D-1680-8440-AE73-3F87DB8E3029,Return Completed
1027,2CCAE835-25E6-BDA2-DF35-5452F85EA1A8,Return Started
1028,5CCE7D01-9D67-E7FF-9DC3-F8A6C970D654,Return Completed
1029,055EDE84-CAC5-E988-B252-70B96AADCF99,Return Completed
1030,55971904-CF51-B276-C377-5536743F2125,Return Received
1031,FCBB3398-2EE8-BF64-F2B9-5391D705BD02,Return Received
1032,532CB7BA-2831-5DA7-2C92-6584DDD902A3,Return Received
1033,589E66B1-BB49-187D-9E14-7D43A0E8619E,Return Completed
1035,3857708,Return Received
1037,3864854,Return Received
1038,3859258,Return Started
1039,3858996,Return Received
1040,701E7414-7C7E-8899-4CF6-E5FF39AA56B0,Return Started
1041,3860927,Return Received
1042,2F4152DC-26C3-50D2-88BD-353A17802B96,Return Completed
1043,3857054,Return Completed
1044,3868050,Return Started
1045,E7C05FB5-FFBD-3DAA-A866-4AF4A58FE224,Return Started
1046,3858002,Return Received
1047,3861443,Return Completed
1049,9AC205F9-2C79-42D6-756C-021B6AE087CF,Return Started
1050,3858642,Return Completed
1052,3859838,Return Received
1054,3867020,Return Started
1055,B4827BE7-F223-6F4E-4E36-E7850A43896F,Return Received
1056,3864904,Return Started
1059,7E0F414E-0575-0D53-A9BE-990C8F7123DF,Return Received
1060,06B43D39-CA99-4D75-E128-2B59DADBCD3C,Return Completed
1061,3857650,Return Started
1062,3865453,Return Completed
1063,F15C7EC6-DB72-3E8F-46D4-DEE1D912A761,Return Started
1064,3868234,Return Completed
1065,3859916,Return Started
1066,C7088E82-9D3F-9B98-361F-13E5ED9EC59C,Return Started
1067,3870269,Return Received
1069,3864175,Return Completed
1071,3860979,Return Completed
1073,3858096,Return Started
1074,3857034,Return Completed
1075,3859608,Return Completed
1076,3870721,Return Completed
1077,3870869,Return Completed
1079,3865879,Return Completed
1080,BB79CF06-015F-4037-DDD8-B593108BC7ED,Return Completed
1081,3871008,Return Received
1083,3863966,Return Received
1085,A53196BE-CA28-EC61-6498-D2CA741721E3,Return Received
1086,3862811,Return Completed
1087,517A98C3-1B7D-7FF6-2841-64A042EA531A,Return Completed
1088,74C1F4EB-1235-D42E-576C-5857D91C3B97,Return Received
1089,3866502,Return Completed
1090,3867537,Return Completed
1091,3856516,Return Completed
1094,1ECD919A-CCEF-C773-4237-7070C59E8CBB,Return Started
1097,FA9E93B7-D0AF-4B29-7C80-813019C2990A,Return Completed
1098,3866730,Return Started
1099,1796BEEE-0C54-21F8-91E4-2E2B93983A7A,Return Completed
1100,3866856,Return Completed
1102,3864093,Return Started
1103,3858972,Return Received
1104,C6D1F8E6-D9FF-F435-80FE-76B3D948AC0C,Return Received
1105,848B3DC9-8869-CA81-A3E1-680878AB9DE6,Return Completed
1106,3863599,Return Received
1107,3863058,Return Completed
1108,D36BA1A0-B5FC-0868-7A1C-451BD115CB52,Return Received
1109,913B9F0E-9B26-E448-EDF3-1F65B648B774,Return Started
1110,3860854,Return Completed
1112,64C75CC1-F7DF-9F2D-8D14-02AE776FBDB9,Return Completed
1113,3864857,Return Completed
1114,21096054-8C4F-8B31-9F63-5DC8778BEE75,Return Received
1116,3858375,Return Started
1117,3861068,Return Received
1118,5DA91B6E-ABFC-6E7E-CE26-5CAFE7C0B0E9,Return Received
1119,3870772,Return Received
1120,C73D037B-9231-820F-6A8A-0D6C999FEF10,Return Received
1121,3856327,Return Received
1122,3857438,Return Started
1124,90C595A1-B816-A08F-CF1C-E603EF6B4D36,Return Started
1125,3867983,Return Received
1127,3865686,Return Received
1128,3868488,Return Received
1129,3859006,Return Completed
1130,366DA64D-6080-B484-1B13-D3AA00469346,Return Completed
1133,3864577,Return Started
1134,3866931,Return Completed
1135,6E6F80D9-ACF7-A49B-B75F-1BAED1FC7A5D,Return Started
1136,3867946,Return Received
1138,3865561,Return Completed
1139,3860797,Return Completed
1140,3864466,Return Completed
1141,3864637,Return Received
1142,3859990,Return Received
1143,47200FDC-04B2-E3C8-BF1E-F28E5747C9E9,Return Received
1147,3865698,Return Received
1149,3864122,Return Completed
1150,3856786,Return Received
1152,C0C6795B-3391-32E0-914F-505807DB430E,Return Completed
1153,3869880,Return Started
1154,2BAE6ADE-FC64-28ED-9344-3470C87203A7,Return Completed
1155,3864063,Return Completed
1157,3863834,Return Completed
1158,10B2E99A-BD9D-A1FA-15A1-68F4EB73708A,Return Received
1159,3856947,Return Received
1160,18B9485B-1298-F036-5D51-D37B39668739,Return Started
1163,762E0D64-5572-DFCA-AADE-0A89C8987A47,Return Completed
1165,3863996,Return Started
1166,3859087,Return Started
1170,7BBCF570-E616-4020-B014-E01BDF3C95DE,Return Received
1172,3859911,Return Completed
1173,3870900,Return Started
1174,1625503C-C68B-6BEB-5045-8CB135BB9766,Return Received
1177,3860408,Return Received
1178,46652FD9-5261-2D48-8193-9E1DC679238E,Return Completed
1179,3860078,Return Completed
1180,3860884,Return Completed
1181,3862873,Return Received
1182,D1F96A00-4010-CFF5-5856-824F64BE9483,Return Started
1183,3859874,Return Completed
1184,3869095,Return Started
1185,E0B92DED-F082-EE95-6D96-B19920359A6D,Return Started
1187,3866237,Return Received
1188,3856428,Return Received
1189,3870539,Return Completed
1190,3863801,Return Started
1192,BC0CDA55-93F5-4EE3-B40C-7059B9F11BFB,Return Completed
1194,3863450,Return Received
1195,3859184,Return Completed
1196,973098F8-00D4-BA03-8C42-96F74B6C8137,Return Completed
1197,8E2B024C-7B1E-517B-E3A8-1A0EDA69F285,Return Started
1199,3860585,Return Received
1201,3868128,Return Completed
1203,3856265,Return Received
1205,3862099,Return Received
1206,3864739,Return Completed
1208,37DDECB3-133F-63AE-4774-5D9C0B384CC1,Return Received
1210,3867586,Return Started
1211,3859312,Return Received
1213,3857949,Return Completed
1215,ABD7EB91-6808-79E5-08EC-2C853808D60D,Return Started
1219,9F220DA6-7B5C-75E6-C527-F4B5E802ED3E,Return Started
1220,3864695,Return Completed
1221,45E1750E-DB39-D950-7D5C-66B552BF747D,Return Started
1222,FA5B2768-565D-FC75-1277-C7ADEF5B5A76,Return Completed
1223,06F14A51-A75A-367F-54EB-63154F70044F,Return Completed
1224,3861152,Return Received
1225,F62E17D4-E837-6871-87B8-FBE4CB03BDE1,Return Completed
1226,3864168,Return Started
1229,0E61169E-1E28-F394-2929-E84CCFCC6B26,Return Received
1230,3870030,Return Received
1232,3861278,Return Received
1233,3868665,Return Started
1234,3865988,Return Received
1235,3860532,Return Received
1236,3857762,Return Completed
1238,FCF7A4E4-E6D7-CDBA-8592-824A24429800,Return Completed
1239,90E66521-D432-B7B4-45FA-5C84AC2947CA,Return Started
1241,01F61C48-EA96-2534-68F7-5D826F42F323,Return Completed
1242,3868993,Return Received
1243,3861049,Return Received
1244,3856850,Return Completed
1245,C8FDE585-AB89-ED3D-1134-432EA5E92070,Return Completed
1246,C94CC582-5FE7-949B-943F-C9DD889C6BA8,Return Completed
1248,3868089,Return Received
1249,3868527,Return Started
1250,CDA4B8A7-0155-26AA-E1B5-8C34BA823F2F,Return Started
1252,61830BEC-4A02-DDA8-80C6-B80B4CDD4C34,Return Started
1253,3864391,Return Completed
1254,3865654,Return Completed
1257,3867619,Return Started
1258,3868250,Return Completed
1260,3869932,Return Received
1261,3864779,Return Started
1264,00D08E75-EB32-E50E-B4B3-30FEF0B6E1E8,Return Received
1265,3867142,Return Completed
1266,3868364,Return Started
1267,3858415,Return Started
1268,3862371,Return Completed
1269,312D95A0-7685-906F-26DF-D9FE6FFFF219,Return Received
1270,607BC2F1-DAB3-AB26-5453-93605266E766,Return Completed
1271,3856365,Return Received
1276,2C79B5A6-F157-E150-53D2-B69A362962B6,Return Started
1277,CC8A7101-D2E9-D82C-3261-5F8904EA9E1F,Return Completed
1278,7DABDFC7-FD5D-6004-4310-361DC9DDD6AB,Return Received
1281,6909B4C3-367A-AFDF-D9D0-1295C693B6B0,Return Received
1282,A4D75A4D-38AE-1638-8F07-7825FE049219,Return Completed
1283,3A64D4BC-F878-151A-F108-8A074AEC7FCE,Return Started
1285,5E845FF6-E9BC-36BC-3E2B-3C6DD85CC8F6,Return Completed
1287,BF0D986C-61BE-6734-EA90-BB8EFF36F2B4,Return Received
1288,9A6C5083-44FD-0FFA-D0AD-C1291F60002E,Return Completed
1289,F243A4D8-43BA-59E0-13AA-411E656156DD,Return Completed
1290,A841861A-3E6A-7517-232D-E38C1E29AB0B,Return Received
1292,3869822,Return Started
1294,3867807,Return Started
1297,71F66344-A56E-4517-5269-AE889F02CE96,Return Received
1298,3870141,Return Completed
1299,3858163,Return Started
1300,3856372,Return Received
1304,3857646,Return Received
1305,8297E580-E665-B6DD-C83D-0403E3EAAAC5,Return Received
1308,3866982,Return Received
1310,3867981,Return Received
1311,3857271,Return Completed
1312,3858128,Return Started
1315,F8532D61-59E4-B4E4-6CB0-4CD4B300EB8D,Return Started
1317,3870870,Return Received
1321,3861940,Return Completed
1322,2BCD89B4-654B-A581-FE55-6B03F887CB0C,Return Completed
1323,9B939791-09DD-1C2B-F9B6-92D652DBC5D6,Return Completed
1324,3869146,Return Started
1325,3863536,Return Completed
1327,3864829,Return Started
1328,3869743,Return Received
1329,89403FA6-D6E6-EA4E-9EF5-6CAC59909E43,Return Completed
1331,0732BD05-4BD9-1283-1E06-504E9337FFE6,Return Completed
1332,3860564,Return Started
1336,F6E45523-D8C2-01C3-C201-98D234747F64,Return Received
1337,E4C61026-9E5D-AB99-F641-B29F21AEF7E0,Return Completed
1339,E6BCC685-82C1-6E55-5D20-D1A9F23B5368,Return Completed
1341,3865568,Return Received
1342,3870042,Return Completed
1345,3862537,Return Completed
1346,2BCE6336-B525-12D6-E130-854C70BCC436,Return Started
1347,9DDF6894-E3C8-CB81-35F7-CCD45DA279E0,Return Completed
1348,3863249,Return Completed
1349,3857755,Return Completed
1350,3862820,Return Started
1352,06CABE7D-6173-04D5-07A2-7D21FE3C09A0,Return Received
1353,3867161,Return Started
1355,2A0C3545-273A-7F1F-391A-35D3C382C9D9,Return Started
1356,3865141,Return Completed
1358,3864590,Return Started
1362,3865074,Return Started
1363,A350F4DE-769B-0D2F-50A1-B163D6CE2DE3,Return Started
1364,4BCBF249-BFC2-2A01-F1A7-3312E3FB61C6,Return Completed
1366,3870980,Return Received
1367,6C891972-B7EA-8D11-D97E-A461A8A05A54,Return Started
1368,3864199,Return Started
1370,AF954922-91B5-8909-1FAB-8B7C5A980831,Return Completed
1371,6524631A-D240-0717-060E-7575ED295E13,Return Started
1372,3868281,Return Completed
1374,3864333,Return Completed
1375,C257053B-055E-1038-BA4E-4A8E6F790A2B,Return Received
1377,33DBA1C1-DF9B-5692-22A5-FCE982338258,Return Started
1379,3858521,Return Received
1380,3867449,Return Completed
1384,3862447,Return Received
1385,3865448,Return Received
1387,DF9A0277-617B-CE59-F5F6-EA02935B8951,Return Started
1389,3865048,Return Received
1391,3857855,Return Completed
1392,E3BE35B6-8DC2-22BA-FD6D-767FC100613B,Return Completed
1393,3860735,Return Completed
1394,0E18316C-F1AC-1719-B308-E4CE5F51925F,Return Received
1395,3862992,Return Completed
1396,3864954,Return Completed
1397,3857365,Return Received
1398,3863553,Return Completed
1399,3861445,Return Received
1400,47B15228-6B82-FDB8-FD20-AAE3FC81A665,Return Completed
1403,C796B791-2B0B-60A9-CC36-00766F598BE1,Return Completed
1406,3867238,Return Received
1407,3870019,Return Started
1408,7C3E5DDC-FDF9-AA38-D640-D10D6B178E86,Return Completed
1409,3860368,Return Completed
1412,F8D218D6-AF4E-A7C7-391E-0AADC1B59EDB,Return Started
1413,3870449,Return Completed
1414,AE2FC53B-E843-2F0D-8717-6FB392660738,Return Received
1415,3870724,Return Completed
1416,3862784,Return Received
1417,3864804,Return Started
1418,3856883,Return Started
1419,C0345B9A-7A6E-9BAE-EF7D-1520B85D0192,Return Started
1420,3861638,Return Received
1421,3865250,Return Completed
1422,01D5509B-33B5-A9D0-5BFD-8354BEFEE209,Return Received
1423,BEDD4E15-990D-2FF8-6787-B43D6AA0BE7B,Return Completed
1424,3869980,Return Completed
1425,3866910,Return Completed
1426,3861196,Return Received
1427,685C6CEA-927D-62F8-6EE6-39E43360EF4E,Return Received
1429,2CDAFA07-D593-B7AF-ED45-3AB7E079482B,Return Completed
1430,3861692,Return Received
1431,3864817,Return Started
1435,3866133,Return Started
1437,3856759,Return Received
1438,3862020,Return Completed
1439,3861858,Return Started
1443,3857838,Return Completed
1450,40F20A45-AF11-A3C5-84A3-B4D311334E86,Return Received
1451,3857379,Return Received
1453,3866429,Return Started
1455,1633D0B8-A211-9FFA-F8FA-150382A68822,Return Started
1456,3865164,Return Received
1457,3857541,Return Received
1458,3866112,Return Received
1460,3857748,Return Received
1461,3857733,Return Received
1462,3870975,Return Started
1463,9BA32073-7FC4-6FBD-2215-0FF3B6A29E49,Return Completed
1466,78FAE1C9-9F59-DB77-C89E-62A53ECAE6C7,Return Received
1467,3869209,Return Completed
1469,3866643,Return Received
1472,3864815,Return Started
1473,38E128ED-A1AD-8845-16F5-6DBC3FE77377,Return Started
1475,3860406,Return Completed
1476,CF00B12D-4DFF-494A-F81E-5E41F75782F7,Return Started
1479,3865794,Return Started
1480,3866806,Return Completed
1481,36D1E67F-D395-402D-3571-8C721636F0F5,Return Completed
1482,79BCF009-C27E-A5BA-27A7-A200385402C8,Return Started
1484,0B306E5F-84AF-2317-BEDB-9623BD10E1DC,Return Completed
1485,3860219,Return Received
1486,3857951,Return Received
1491,3867137,Return Started
1495,3857119,Return Started
1496,625CDC76-05D5-8F77-D9C5-089E3D8229F3,Return Completed
1497,3866719,Return Started
1498,3869367,Return Received
1499,3861023,Return Received
1501,3859921,Return Started
1503,3857996,Return Received
1504,85077B75-388D-866D-A1A3-59221A694A75,Return Started
1505,3862410,Return Started
1507,3860367,Return Received
1508,C1C5CAE3-0DDF-5840-35D0-8F9A75752BAF,Return Started
1512,3860136,Return Completed
1514,3865117,Return Completed
1516,3871051,Return Completed
1517,3857659,Return Completed
1521,3868574,Return Completed
1523,3868182,Return Received
1524,8E3E508A-114D-1D2F-C213-92A613BDFA1F,Return Received
1525,3870435,Return Started
1527,25A790AE-4370-207C-5102-07BC8F50FB26,Return Received
1528,3860806,Return Completed
1529,3861528,Return Received
1530,3862644,Return Started
1532,3861753,Return Received
1533,3856447,Return Started
1534,3856602,Return Started
1535,3864908,Return Started
1538,3858373,Return Started
1539,76CD5A9D-2B98-F146-4C0D-91617D981FD4,Return Received
1540,BE5FF0A1-82C2-8C6E-9311-31981815280E,Return Received
1541,3859971,Return Received
1542,85D43EC7-34FD-3646-E52E-7B1F87FF774D,Return Received
1546,3861800,Return Completed
1547,3858401,Return Started
1548,2CC6C6C3-D9CE-8F1B-FB99-FE34F1CA453E,Return Received
1550,3868471,Return Completed
1552,CAC3986A-48AF-E013-636F-0835ECCEDEC4,Return Started
1554,3862174,Return Received
1556,29F59EAB-B6DF-9E8F-0911-98B629A264FA,Return Received
1558,3868520,Return Completed
1559,229AF324-64EC-EC79-0A2D-0602643CBB19,Return Completed
1560,3866828,Return Started
1561,3863445,Return Completed
1563,3868632,Return Completed
1566,617BE29E-1289-3743-6809-9B8BA2813D80,Return Started
1567,3857925,Return Received
1568,3860129,Return Received
1569,3867495,Return Completed
1570,F4B47EB5-39A4-B11F-6BA9-534B5BD54596,Return Started
1571,3859721,Return Started
1573,037C446C-E162-D266-7702-8EDB4A11D3C2,Return Received
1574,661B488D-4DCF-467B-1E3D-C6D93D5D4C3B,Return Completed
1576,B8B34BBA-DCDE-D38C-1B5E-5BA3982C5388,Return Completed
1577,3857943,Return Started
1579,3860723,Return Completed
1582,3870075,Return Received
1583,C7CA0AB4-C396-1930-F81D-6EBB28EFEF41,Return Started
1585,3861895,Return Received
1586,3857783,Return Completed
1590,3860154,Return Received
1591,3858729,Return Received
1592,3859437,Return Received
1593,29DBF68A-54DB-EF07-1E77-D3507B725506,Return Completed
1597,3864071,Return Started
1600,3860560,Return Received
1602,3864841,Return Started
1603,E2EE55D5-FC61-E089-17EC-6FF73F03C824,Return Started
1604,EB46C1D6-546E-CC59-946C-E66852C24562,Return Received
1606,4659A157-43E5-8A4A-EFEC-FE383C96E0C5,Return Received
1608,9961B766-BA03-AA71-E227-2279CF5261B5,Return Started
1610,3858131,Return Completed
1611,3870154,Return Completed
1613,3862879,Return Completed
1614,3866671,Return Started
1615,3859986,Return Started
1616,257240ED-7CED-974F-566D-B55ECDFAC840,Return Received
1617,3856813,Return Completed
1622,3864524,Return Started
1624,3865753,Return Started
1625,3858342,Return Completed
1626,3860848,Return Received
1627,3867931,Return Started
1628,A2F9FC06-EDCB-48E0-2532-7074778EF746,Return Completed
1629,3867205,Return Completed
1632,3870416,Return Started
1635,3868293,Return Completed
1636,38DB7042-1385-D13F-ADD0-72DB59E30636,Return Started
1639,3867166,Return Completed
1640,3863910,Return Received
1641,3868715,Return Received
1643,3858196,Return Started
1644,BF7D87A2-0AF8-5978-48BE-2D1B2ED5B9FC,Return Completed
1645,2A3E6DFC-1A58-39C4-FBFB-809D1701E05F,Return Started
1647,3867683,Return Started
1649,3858856,Return Started
1650,3869066,Return Started
1651,3868851,Return Received
1653,3867426,Return Completed
1656,3870437,Return Completed
1657,3857352,Return Started
1659,3857110,Return Started
1660,3863987,Return Completed
1662,1A82339E-CCCD-DA9E-5879-FFD120D85EF4,Return Started
1666,3868249,Return Completed
1667,3860643,Return Received
1668,7BCAE6A7-AAF6-3B5C-83DF-82DB97679AE2,Return Completed
1669,3862047,Return Started
1671,20F18203-7A5A-8023-A853-3F0D24DA7085,Return Received
1672,16616D0A-A754-258A-5937-AC208ED9FAE2,Return Started
1673,3864686,Return Completed
1675,9CDCE171-B76E-4DF6-1C4C-BC0BF890D382,Return Started
1677,3865775,Return Started
1678,3869698,Return Received
1681,3870221,Return Completed
1682,3865644,Return Completed
1686,B3158287-317F-FAC2-A4EC-0E18B2FED5DE,Return Started
1687,51F14459-AC9A-FB66-FCDA-5C7337834E51,Return Completed
1689,1F277CC1-2D5A-5695-1DED-6C65C59F5AAF,Return Received
1691,F1549D81-4D24-0A8E-6F56-41199540E7E3,Return Started
1693,1B2070AD-EB2B-7A06-4788-751F4E3BB466,Return Started
1696,3857666,Return Started
1698,3857513,Return Started
1699,019E4D53-5BFB-99AA-B56E-7028CC4F88ED,Return Started
1701,3869651,Return Started
1702,8D07D474-341D-5667-F96C-D8E04BA7CA6B,Return Started
1704,1673EB89-0AD4-397A-6497-300F07240AB3,Return Completed
1705,3858611,Return Started
1709,3862750,Return Received
1716,1270FEF9-4E39-D710-DBF4-DEF87404DB53,Return Started
1718,3859890,Return Received
1719,3870795,Return Started
1721,3861661,Return Started
1722,F923B7F4-2299-C8E3-96AA-0C37486F6E90,Return Started
1728,3857668,Return Received
1729,3858204,Return Received
1731,DBF08765-3E2A-EC80-5B33-DD4285860847,Return Completed
1732,3871004,Return Received
1735,989283D8-EF01-781E-F6BB-ED525B529F98,Return Started
1740,7E6305A0-EFF1-D057-C5AB-ECDA0ED07441,Return Completed
1741,3864540,Return Completed
1743,3856230,Return Started
1747,3858130,Return Started
1748,3861180,Return Completed
1749,3858418,Return Started
1751,3867866,Return Completed
1752,3862762,Return Received
1755,0C3D3D9E-8641-AC30-D130-3DE37257E483,Return Received
1756,E6529C63-A718-BEC7-3100-87E33DE3C0BF,Return Completed
1757,3857016,Return Received
1758,F9280B82-A91A-3F88-6C91-9E0E9CD02742,Return Received
1759,3864141,Return Started
1763,3859818,Return Completed
1764,3859279,Return Started
1765,3856556,Return Received
1770,3867331,Return Received
1773,3863366,Return Started
1775,2C304358-D8A5-ACC3-A777-7A49BC883A0A,Return Received
1777,F2D348B4-6FED-3C54-2493-3944A2270D53,Return Received
1779,3868154,Return Completed
1780,3856486,Return Completed
1781,A46A8A6D-48D2-535B-B183-C76B05CEB1F3,Return Completed
1782,3868510,Return Received
1783,3856991,Return Completed
1784,FDB826AF-09B5-EE0B-72FB-51E1F2B332E5,Return Completed
1785,3862727,Return Started
1786,15873C53-45A7-A7AD-65BD-3611D016128D,Return Completed
1787,3859852,Return Received
1788,940808A8-AD27-3729-569A-22AC15A56E02,Return Started
1790,3864390,Return Started
1791,3866734,Return Completed
1792,3866384,Return Received
1794,3864613,Return Received
1796,3869686,Return Received
1797,3870829,Return Received
1803,3858800,Return Received
1806,3857858,Return Completed
1808,3857176,Return Started
1809,3864656,Return Completed
1810,3864146,Return Received
1814,33647BDD-854B-5EB2-7C45-0DEA74889C40,Return Completed
1817,022C53E7-10D5-772A-BB78-95BB3AE33B8D,Return Received
1818,3867690,Return Completed
1819,3856575,Return Completed
1820,3866961,Return Started
1821,3869360,Return Received
1822,3858537,Return Started
1824,3869218,Return Started
1828,361E89EF-64EB-0C25-DFE4-2B502921904F,Return Received
1829,3866508,Return Completed
1830,52D4AF12-924B-6129-8711-55BCB293CA59,Return Completed
1831,8D69CA4D-647B-F742-0E5E-2596FE0A0854,Return Received
1832,95876BAA-5C92-55DA-D52A-3324039B50CA,Return Received
1835,F2317665-91C9-25C0-5CB5-7CDE68ED6FE8,Return Received
1836,17A9E46B-3611-99E5-CB05-43E6675F74D6,Return Completed
1837,AC1705B4-A758-BCE4-2112-D2F4AE96855B,Return Received
1840,23BEA7FA-0F61-19C9-2F29-E618EEB5252F,Return Received
1842,721713B4-AA9C-5CC6-51A4-950C5A09BED8,Return Completed
1843,3866314,Return Started
1846,9E934F34-9355-7649-7100-E27D3B99B389,Return Received
1848,3858174,Return Started
1850,3867770,Return Completed
1855,89CE2202-A8C4-FD8F-B986-2270C419C5D0,Return Completed
1856,3861208,Return Received
1857,3856778,Return Completed
1858,EF29E96C-87EE-6211-6760-7E58F1B21B32,Return Started
1861,A4FBBCC0-4E6F-23A7-C3B4-9CE0C1062682,Return Completed
1862,3856452,Return Started
1867,D4603973-C0B4-757F-78C4-4536A0ADB343,Return Received
1870,3861207,Return Completed
1873,3867945,Return Received
1879,F797C9DB-B79B-C3CE-FCDB-0D5C8F32314D,Return Completed
1882,3863321,Return Started
1883,3869055,Return Started
1884,66B591D6-9D17-8ABC-865A-96CBF403674A,Return Received
1885,6F2E091B-AFE3-3C97-271E-E968B8BFC21B,Return Started
1887,07B6CCFE-C127-6A80-2E5B-63860D7A7F30,Return Received
1888,70870604-39E5-4B29-E698-7890A4EF3E51,Return Completed
1891,3859225,Return Completed
1904,3859075,Return Received
1905,A569F01B-5F4B-AEEC-CC61-3E0F8D4C332F,Return Completed
1906,3861424,Return Received
1909,3868190,Return Completed
1910,2CD18A12-D49A-2B02-4615-A5B7082966E0,Return Received
1912,6B835F34-448C-86ED-719D-9250F27936AE,Return Started
1913,FB468E78-D713-35A7-494E-536A533DF2E2,Return Started
1914,3862000,Return Completed
1917,3867079,Return Completed
1922,3858479,Return Started
1923,13DCCD95-839F-845D-EBB6-FA8519D90C0B,Return Started
1925,3856647,Return Received
1926,3859566,Return Started
1928,53A9C01D-5858-62BA-26B2-8859731D152C,Return Completed
1930,3860047,Return Completed
1934,3866515,Return Started
1938,03F0B168-C5D2-33E4-4EA2-126ADE451F04,Return Started
1939,3856966,Return Received
1940,3856382,Return Received
1942,3865500,Return Completed
1943,5B211B48-CCC2-F5A1-5894-7C8601C6DD85,Return Received
1944,3857793,Return Completed
1949,3861353,Return Completed
1952,4F7CF181-AB89-D020-6F55-6C56FE1BC612,Return Received
1953,DFDDC614-182B-EB8A-CCDC-DA8B796EE9AB,Return Started
1955,3856913,Return Completed
1960,3866968,Return Started
1964,3864512,Return Received
1968,F7F3AE91-7F6D-7B34-4D93-2A9E41163105,Return Started
1971,1317B1A4-1D0C-77DB-4E80-5323CC244740,Return Completed
1972,3864522,Return Completed
1973,E7E058C1-C305-46E0-5274-8A0CB142CCE9,Return Started
1974,FE90F05B-F6EA-7242-9D68-12EBBF188B45,Return Started
1980,3865225,Return Started
1985,3865613,Return Completed
1990,909AFC54-A4D1-DE0F-4C55-E36846EAD6D2,Return Received
1992,3859194,Return Completed
1993,3859485,Return Started
1994,DF37D398-6E70-2D4A-4B88-5B41F9CE933B,Return Completed
1995,5BBF15A0-294E-5605-A752-0E3991762AEA,Return Received
1997,3868897,Return Started
1999,3860491,Return Completed
2001,3870334,Return Received
2002,3860888,Return Completed
2008,751E735E-8B40-1C6F-3393-F9762337EB24,Return Started
2014,44489CDA-7A16-CAA1-D1B8-2B3A16BCDE41,Return Received
2016,438FF461-1011-BCEC-A317-42EF76E4E353,Return Completed
2019,C2B2F159-B433-0CB2-A782-A691C6FCB7BC,Return Received
2021,A23C3C7B-9751-9185-EC39-1AB1F0F6884A,Return Started
2026,3865866,Return Started
2027,3C8CC0D1-8E8E-2F9D-F880-BFEDB04FED9C,Return Completed
2033,3858252,Return Received
2034,3858820,Return Completed
2035,3858635,Return Started
2037,3858836,Return Started
2038,3863614,Return Received
2042,3862052,Return Started
2046,3860978,Return Completed
2051,55DED114-FE70-5C09-ABB5-C6E8DA72C6D2,Return Received
2055,3859088,Return Received
2056,3858421,Return Started
2060,3868166,Return Received
2063,CAC1EE2B-C1CE-AD59-38B4-A7DE833EE29F,Return Completed
2064,5A9EDBEA-354C-1FEB-AAB1-4B9EACA9B451,Return Received
2066,3870929,Return Received
2069,3868861,Return Received
2072,3857790,Return Completed
2077,3856583,Return Started
2078,3856646,Return Completed
2080,3865405,Return Completed
2088,3861241,Return Completed
2089,3863932,Return Received
2090,8D2EBD66-61A1-C1E1-AB0B-B245F5CD6960,Return Completed
2091,3869815,Return Received
2098,3865234,Return Started
2100,86A3A946-69C5-B3BC-0AFA-3E1AAF6AEE52,Return Started
2102,3870902,Return Received
2103,3869199,Return Started
2104,3862822,Return Completed
2105,3865880,Return Completed
2106,3869737,Return Completed
2107,3862898,Return Received
2108,7EF008D0-8EBE-6033-3515-DB56EC82F7E6,Return Received
2109,BDA2A32A-64E2-8CD9-3EE7-9C200E8A5D6B,Return Completed
2111,3869322,Return Received
2118,C624D51E-4684-1F9D-2249-6618DBE7507F,Return Received
2122,3868846,Return Received
2123,3861092,Return Received
2126,3857151,Return Received
2127,3864795,Return Started
2134,3858933,Return Completed
2135,A707E1A7-E6C6-C59D-DCC5-7BC858087B98,Return Completed
2137,3870587,Return Completed
2138,9E598A93-14EC-51F4-46F1-CC279703EEBC,Return Started
2139,3861605,Return Started
2142,3865216,Return Started
2145,3866564,Return Received
2149,3860494,Return Received
2151,8BE59D97-EC81-42CD-11A3-01F40F3D0531,Return Started
2156,57EB52C9-BF69-D089-DD97-32C72580C66D,Return Started
2157,3861409,Return Received
2158,F173290C-3E4B-5063-DD36-6E7E46D2890E,Return Received
2159,C352C377-3B28-7C7D-20E3-A54A184C4F0E,Return Received
2161,3865772,Return Completed
2163,3866849,Return Completed
2165,3870434,Return Completed
2171,F6728A95-5C05-8CCB-5233-979E56D071CE,Return Received
2174,00A8AD02-704C-1426-3186-1623EEFC0678,Return Started
2175,D0C784AF-3A15-3D0D-35A1-557EF99E42C2,Return Received
2176,3856610,Return Completed
2179,3866661,Return Received
2180,54AEA179-14E3-C26B-EF95-DB4C31D26C98,Return Started
2182,3861857,Return Completed
2184,EF9FF068-1302-D444-327C-4BA2DB780F48,Return Completed
2193,7C8BB856-D7A6-AF25-63A9-DFF7DAB45EFF,Return Completed
2196,3856999,Return Completed
2198,3868615,Return Completed
2203,1A3C4091-48A5-7E5D-488A-DF4C88391DB3,Return Completed
2204,8062BC8B-69B3-B4B5-F655-AADAA997AEFC,Return Completed
2205,9AB215A7-5F10-80A9-A7EA-874BE1AB0015,Return Received
2207,3866007,Return Received
2221,3863276,Return Completed
2222,3869406,Return Received
2236,4446BE60-BA47-0527-C52F-6259B05F12D4,Return Received
2245,4D95830C-AAE1-3407-C27B-C3DDDE5D8771,Return Received
2249,3860340,Return Completed
2250,3856980,Return Started
2251,84922108-74C4-1E52-7320-C237CCE852CA,Return Completed
2253,3867911,Return Received
2256,3863202,Return Completed
2259,3865002,Return Started
2262,3857017,Return Completed
2265,3861850,Return Received
2268,2E03A511-26D3-DCF7-A780-AAE98D256E62,Return Completed
2269,740CF09E-B113-F1E3-4454-FDFBD36F528E,Return Received
2277,3857792,Return Completed
2278,3863522,Return Completed
2280,3869391,Return Completed
2281,033CBFF9-7966-FAA7-68C9-9FF73770D3BE,Return Completed
2282,3FC76DD0-16F1-2CA5-B2A4-6C4F488F7AD5,Return Started
2283,3868712,Return Completed
2285,A2E259B4-B10A-F547-07B4-A88164A7428C,Return Started
2289,E280EF55-A600-8A72-4730-B38084A2B738,Return Started
2294,3863098,Return Completed
2295,3859420,Return Received
2301,3864470,Return Completed
2302,3868193,Return Started
2303,3866739,Return Completed
2305,5DF8DCF7-22ED-CC41-42E6-E7B3326290CE,Return Received
2308,0A78AF4D-C634-8EAC-ABCA-6D377D2A0612,Return Started
2309,3866180,Return Received
2313,3868975,Return Started
2315,D78CE91A-E529-525C-51E7-0B5A5FEBD16E,Return Started
2317,3858371,Return Completed
2323,3869591,Return Received
2326,6DBA44D4-877D-26E1-421A-EE8A14948B08,Return Received
2327,447FEB0A-7839-4684-D7B1-2AFEB498CC7A,Return Received
2330,3867149,Return Received
2334,C6E3FF9A-127D-A771-A5C2-3D90B3A8966B,Return Received
2336,3866956,Return Started
2338,3861526,Return Completed
2340,3860964,Return Started
2342,3868492,Return Completed
2343,DEA5C158-D2A7-70EE-C99C-E75CAD864714,Return Completed
2344,6A0FEDFD-8F8D-756E-D44B-7B610DBF3867,Return Started
2347,3866763,Return Completed
2354,00ED2B4D-38FC-8CE9-595F-A9DA506BA6E5,Return Completed
2355,3867755,Return Completed
2359,EFB0B17E-89B2-70AB-F8F5-0E958262EDAA,Return Received
2362,3861125,Return Received
2369,3857249,Return Received
2372,3870948,Return Started
2375,3864894,Return Started
2388,3857181,Return Received
2392,3859621,Return Received
2395,092F34E0-DC56-FCF3-8934-43B4B7D34571,Return Received
2396,3862556,Return Completed
2403,3869239,Return Completed
2405,3866950,Return Completed
2406,3867196,Return Received
2407,3859004,Return Started
2408,9516BE99-1443-5FC4-5B55-6A927A0C6CEF,Return Received
2410,3860056,Return Received
2412,3862205,Return Started
2413,050DF4D5-6891-FB7E-1FE1-C45453FA2B5A,Return Received
2415,3857525,Return Started
2417,3858967,Return Started
2419,3856623,Return Completed
2420,3867257,Return Completed
2424,3861410,Return Started
2425,3867604,Return Completed
2426,3862525,Return Completed
2428,0095E11D-0902-F845-9D0E-EB751C91CDA2,Return Completed
2431,3870203,Return Received
2432,3867169,Return Received
2433,C005A339-D684-7895-FD07-A9B957BC9925,Return Completed
2436,9118DF3F-D9BA-FB52-69F4-A6C5D7576129,Return Received
2442,3867298,Return Started
2445,A27CA5C3-9B4B-B69B-BD00-F98F4955924F,Return Completed
2457,3870535,Return Started
2459,3865863,Return Started
2462,3864112,Return Received
2463,A1C4F4A8-BBA1-6E66-A01D-4A7CE860B93A,Return Received
2464,3865482,Return Completed
2466,E0496CED-8646-B744-1A39-A67DAFE09A9A,Return Received
2485,3867226,Return Started
2486,3862646,Return Started
2487,17982BB9-8079-A6F4-2C9D-5A5CED4E765D,Return Started
2489,3864938,Return Completed
2490,93BA1179-B231-EFD2-EEDF-E98C510A85A9,Return Received
2496,3867456,Return Started
2506,3866294,Return Started
2507,3858178,Return Started
2509,3865545,Return Completed
2511,3857768,Return Received
2516,BB3558FF-E50D-7CC1-6B04-091F7163E8A5,Return Started
2517,13532FD5-782F-1502-609C-8B7E5437F0BF,Return Started
2518,3870201,Return Started
2522,115B8A09-B149-8212-00BF-EA9E35B363BC,Return Started
2524,3868635,Return Completed
2525,3865394,Return Completed
2527,3857056,Return Completed
2529,3857974,Return Completed
2535,3865842,Return Completed
2548,3858393,Return Completed
2554,3867777,Return Started
2557,92BEBA92-F9A2-4472-750D-F2B96AE43354,Return Started
2558,3858101,Return Received
2561,946FE5CF-9A81-9465-3891-06D08389F859,Return Completed
2566,3863581,Return Started
2568,3865539,Return Received
2569,3856661,Return Started
2570,2F3537D4-0A38-D1D4-E173-F895A1EE0255,Return Started
2571,3864426,Return Started
2578,48C63732-B826-EEAA-9213-7325B4388072,Return Completed
2579,3856754,Return Started
2584,FDCFB78E-5B3F-1579-5AD0-D8EC321EBC89,Return Received
2588,2A464EF7-415B-37B3-D3AB-2885AC3165C6,Return Received
2592,3862738,Return Started
2597,4D763CE1-B498-D2F6-A38D-A08166453397,Return Received
2599,3857958,Return Completed
2600,39EC28D3-649F-CCDA-D169-4231972114AD,Return Received
2601,2EF5CC32-8D4D-9475-EE1F-3109B4D90895,Return Started
2608,3862669,Return Completed
2609,3861829,Return Completed
2616,04E6C8BC-F5D7-3F31-2C1D-560B54F615A9,Return Received
2617,0527C612-A477-58CF-D7B0-E9D99E7B8A09,Return Started
2629,3858197,Return Completed
2637,3868141,Return Completed
2641,3864396,Return Started
2643,3864696,Return Received
2647,2571483D-61B2-E9E8-309A-5B2626B79E9D,Return Completed
2650,3865713,Return Received
2656,3858562,Return Completed
2663,3865420,Return Started
2666,3856473,Return Started
2671,3860977,Return Completed
2672,2583E65A-E796-4797-EC1A-17F917480B07,Return Completed
2676,B9F61010-33CB-5FF0-B584-CF857F51CA40,Return Received
2677,5D9182DF-8359-28B1-FEF7-7C7F4A34763D,Return Received
2678,3859543,Return Received
2680,3866049,Return Completed
2683,3860075,Return Started
2685,3859961,Return Completed
2697,3869915,Return Started
2700,3858139,Return Received
2701,3865965,Return Started
2709,1A854EF9-C7D4-D759-F928-3341DD4F3C36,Return Received
2711,3868787,Return Completed
2713,3862897,Return Started
2728,3861050,Return Completed
2729,3858454,Return Received
2731,4D06E673-5055-2ADD-C889-97441876B8F9,Return Completed
2733,E3367B80-6E8E-DB8F-5A4B-B8C8FB55CA4F,Return Received
2737,B3BE8A0C-BE56-5B4D-F589-34D1F1A339DF,Return Received
2738,3861807,Return Started
2740,3869458,Return Completed
2755,3857551,Return Received
2761,3870508,Return Received
2766,AFDFD8BE-692F-0A95-C598-F55A5F6420FC,Return Started
2768,C7612340-6440-1F74-6522-A4BA5BC5774E,Return Started
2771,147DED7E-8EEE-BF80-0FCC-5763DC0319B6,Return Started
2776,3866053,Return Completed
2782,131430A0-EF7D-E1A5-FA3F-26DE06561455,Return Completed
2783,3866172,Return Received
2785,3864045,Return Received
2786,5468AE55-500F-7D3B-AF26-E47BE269EE69,Return Received
2791,3868580,Return Completed
2795,0841191C-AB22-D949-343F-675C80694BE9,Return Started
2796,4C9280C6-2C1E-32DB-C528-B70F57D62603,Return Received
2799,3863323,Return Completed
2802,3859545,Return Started
2807,AB9110CE-F6DC-EBBD-F9F5-B6A29F2E659D,Return Completed
2809,FA09A583-1264-875B-A74D-0986035210B0,Return Completed
2811,3870078,Return Started
2817,3859946,Return Received
2820,45A9AA01-027D-4DBA-C339-34BADECDCFB2,Return Received
2822,BC75D8EF-8C41-8676-1B0C-D9D079D45DA2,Return Completed
2826,3863467,Return Started
2827,BD5C047E-2F0E-B2EB-1294-A84CF2779F04,Return Completed
2829,3860799,Return Started
2833,618E0AC1-5653-B98F-19CA-A6AC110D1D04,Return Received
2835,249F5EC2-94F7-CB1B-D3C8-D067E7BF6C46,Return Received
2842,961509AA-3B9E-5D14-1ADD-FE4A36871C6F,Return Received
2848,8727EA5E-8C58-7E4C-179C-564A1831C75C,Return Completed
2860,3866893,Return Started
2862,3860020,Return Received
2870,E9E7F1AB-BE7C-0A18-D288-BF3B237BC2F6,Return Completed
2872,3864989,Return Completed
2874,6B7386AD-D99A-4E1C-5065-853CF706BA99,Return Started
2875,1DC7DE1B-D37C-9C76-E4AC-28677F15C284,Return Received
2876,732DE8F5-08D0-CA9E-502E-769A8A8F95EE,Return Received
2877,3865758,Return Started
2879,0779D007-FB13-1F98-025B-17E97B2AD111,Return Started
2880,3863963,Return Started
2884,610F3B3A-D86C-779C-5569-2A00DD6F36E9,Return Received
2887,3858027,Return Completed
2889,3867559,Return Started
2896,8BE15382-2ED3-F2F8-D997-3339C8EAC0A2,Return Started
2899,ACF49493-C029-3CDC-DA7D-3A090F5078B7,Return Received
2904,3857226,Return Completed
2906,3868264,Return Received
2907,3864872,Return Started
2910,3856657,Return Started
2912,3868792,Return Completed
2916,6174AA7D-55D4-3B11-F068-FA330AC3CB75,Return Started
2919,3858704,Return Started
2927,3860380,Return Started
2934,3863075,Return Received
2937,3856238,Return Received
2940,3869599,Return Started
2941,3870888,Return Completed
2946,CC2032FC-0F59-4CFE-EE25-EB289BAF113C,Return Completed
2952,1D057341-77F4-A40E-3CB2-B4C577050090,Return Received
2953,3863392,Return Completed
2958,3867009,Return Started
2960,3863355,Return Received
2965,3864241,Return Started
2969,3870052,Return Completed
2973,048946B1-1BBA-717C-E74A-DEA2F70AB937,Return Started
2981,3871005,Return Completed
2986,3858886,Return Received
2988,3860850,Return Received
2992,3856525,Return Received
3001,8683618F-489A-A143-82CF-F0C0BEFA780E,Return Started
3009,3856388,Return Started
3014,3864117,Return Completed
3015,E29BCD10-422C-2091-3A6A-5006E2CFBC34,Return Completed
3016,144FE88C-33C8-C017-4318-69B230D390A5,Return Started
3018,B88C921F-DE97-79D8-F2AF-B0CD8647705C,Return Completed
3023,64F8E9DF-9B18-B7E8-095C-B18E0829F810,Return Completed
3025,3861269,Return Received
3030,3865011,Return Received
3032,CCB17124-AF8C-4C55-6AFC-4BD7C169E07C,Return Received
3061,139208BC-9A6F-9C76-34A4-A45A0AB55577,Return Started
3066,F1EA30C6-4148-2491-DCEF-F5059D3F4F43,Return Received
3069,3857091,Return Received
3071,3869799,Return Started
3081,3865132,Return Started
3086,3868356,Return Started
3087,3868532,Return Started
3094,5BB543EA-333E-30A8-BF85-81812A18A1D4,Return Completed
3102,3865201,Return Started
3103,2F320182-BC26-0823-F3A5-E2A931D86442,Return Received
3104,D78975EA-8033-0D0B-0C6F-69637C52EDB5,Return Completed
3110,3861090,Return Started
3114,B9BCC39A-0962-1030-2C35-A93BECC8EE89,Return Completed
3116,3867371,Return Completed
3123,85BF75EA-DFD6-9CCC-B587-1CC051F295EB,Return Started
3124,3862142,Return Received
3125,3860062,Return Received
3131,FAD85375-F32B-C186-9B0A-3F46EA41C216,Return Completed
3146,3856376,Return Started
3154,B68A531F-6D1F-A221-8A76-38CCA5D87980,Return Received
3156,49C9BBB8-7A98-0190-5E42-9B96BF6B0C9F,Return Received
3159,3856297,Return Received
3161,3858434,Return Received
3162,3862214,Return Started
3167,3860544,Return Completed
3169,BB387DC5-A2AD-AFCA-FAB5-8EA7EEC10045,Return Received
3175,3857345,Return Received
3177,3867316,Return Started
3179,3870398,Return Started
3186,3862386,Return Completed
3191,DA5C7DE8-2C6D-8ACE-1B0D-1EC6CB733C57,Return Started
3201,3867391,Return Received
3203,3863814,Return Started
3209,88E0967F-403F-4251-7456-6DAA7DEEF188,Return Started
3211,3862530,Return Started
3218,3859240,Return Received
3224,9D0294B6-F6D5-4654-79A6-7253767EFB15,Return Completed
3225,3864290,Return Completed
3229,3869375,Return Started
3232,FD317B2F-7145-BE0A-AEA6-1F134C5B49A8,Return Completed
3238,3861522,Return Completed
3239,CEFEBD61-0EF8-977E-8DE0-EB43F188C880,Return Completed
3240,B130EDFC-B613-A3AC-ED34-1D1EE5D0B2E1,Return Completed
3242,1AAE1F52-14F8-1286-0505-46929ED4E75F,Return Started
3244,3857601,Return Started
3245,3869971,Return Received
3246,3869606,Return Completed
3249,6378931B-CC91-C301-ED79-E8F403C55687,Return Started
3250,93B5B517-AE21-970C-4FC1-E9BBEB87EF99,Return Started
3258,3858906,Return Completed
3263,3868373,Return Started
3264,8EF2C6F3-61BA-19FC-F8EA-19319A6FE026,Return Completed
3272,3859409,Return Received
3273,3863718,Return Received
3275,30845F1F-B5F0-C725-EE42-D1B9B95080DA,Return Started
3277,3861827,Return Started
3279,3861596,Return Received
3288,3858126,Return Received
3289,3861380,Return Started
3294,3867989,Return Started
3295,3861575,Return Started
3296,24F2B42F-53E3-950C-1C48-68B0011E87D8,Return Completed
3299,45BE94F6-E769-AD26-03C3-34D3D7C2DFFC,Return Completed
3302,3867213,Return Received
3313,3870833,Return Received
3314,3869874,Return Started
3340,CB28A563-A449-0FA7-EDC5-3C9A5EEC84EE,Return Received
3343,3869090,Return Completed
3344,3FA0152F-C66C-A967-D1EA-50AB2FF7773B,Return Started
3346,3860925,Return Received
3354,3860874,Return Started
3361,DFCB6DEF-7616-2676-A27C-CECEDFF55804,Return Completed
3362,0B8DCED9-9E2F-28CB-3B67-C6E740CF29AF,Return Completed
3363,3857737,Return Completed
3366,3866796,Return Started
3371,3865263,Return Received
3380,3857952,Return Received
3382,3865165,Return Received
3391,3865913,Return Received
3399,749D72A6-DDDC-8ECB-6BA6-D887AD8D802A,Return Completed
3402,3867353,Return Received
3404,3867857,Return Received
3411,3CDFAB11-3FA5-CB67-E664-FE0609576A62,Return Started
3412,3863285,Return Received
3415,8E5A467A-1C7A-6A90-0916-7A065E832612,Return Completed
3416,3862728,Return Completed
3425,3863184,Return Started
3447,3859152,Return Completed
3453,3869340,Return Started
3459,3870051,Return Received
3464,53CBD9E3-3CE6-3BC6-5CEB-3ECCCE76001A,Return Received
3475,3859482,Return Started
3476,E34808AF-E9B5-5088-A0D7-8FEAD22216FB,Return Started
3481,3857992,Return Completed
3487,3860442,Return Started
3490,774DC994-31A0-DCC9-73F2-29ECE04C9220,Return Received
3493,3866132,Return Started
3499,3863835,Return Started
3503,3859512,Return Started
3508,113E91DB-D8DA-4A40-AD1A-05334D5900F9,Return Completed
3511,FC0FF298-5BCA-872F-B9FA-7386E563BC14,Return Received
3520,5E7FE0DB-4616-C8DA-A0E1-400775D7CB1F,Return Completed
3521,5CAC1905-64B9-B1CA-3807-5C24C4A374C5,Return Started
3527,D5A7EFD0-2B84-AAE0-FE7D-6313BD11642C,Return Completed
3540,31D24CDE-227A-E76D-E8CA-0A4811B6C59E,Return Completed
3553,3856606,Return Received
3558,3865534,Return Received
3568,FDFBD043-F864-18CA-EEFA-E25448C002D8,Return Started
3569,1DFF7799-AF2E-EA5E-2659-D34D2A9432B5,Return Received
3574,2A911C84-9A74-6C50-8008-3815E570DD10,Return Received
3589,3864109,Return Completed
3591,3860132,Return Started
3598,3861896,Return Started
3605,3808E29F-2384-E57B-61BB-AFE701CB01CB,Return Received
3607,3869405,Return Received
3618,3863152,Return Received
3623,3867127,Return Received
3633,F655AE7A-6792-F072-EEC4-E08AD871304E,Return Completed
3637,C5710FF7-0543-B2BD-2274-210175F41D47,Return Started
3642,3856771,Return Started
3649,3870793,Return Received
3660,6D962D8C-5402-CDA0-D73B-5B31C524968D,Return Received
3667,3860519,Return Received
3670,3868556,Return Started
3671,BAD31402-B3B1-9C22-0A92-2555E1E01E44,Return Completed
3692,0FB47C9E-9783-1CDA-A5AE-075AF1466E47,Return Received
3697,A4A9B711-8426-434C-995F-563A75A5746F,Return Started
3698,3868474,Return Completed
3704,3867884,Return Started
3706,3860656,Return Completed
3707,3864672,Return Started
3744,19157B7C-4517-6FDC-1AE9-174E3B2ED14C,Return Received
3748,3869134,Return Completed
3751,3316649A-7656-1F48-5E87-1EA6187D915D,Return Received
3752,51B4CC97-EF62-E842-0F49-1D28F1DF0BDF,Return Received
3764,09928A90-D648-318D-F1A6-48C3E1197C79,Return Received
3765,3860537,Return Started
3768,3869693,Return Received
3771,FCE62338-46AA-433B-B782-FDD84A7A83A8,Return Received
3779,9BF47C4A-5E08-CD69-FFFD-2985BB1EC87C,Return Received
3783,3862150,Return Started
3789,8992C0DF-FB52-64D9-A5BC-4867E440F27B,Return Received
3803,3870109,Return Received
3805,3870700,Return Started
3809,3863354,Return Completed
3820,848A10B7-3C8E-AEAD-482E-2DC801E06EDD,Return Received
3827,790F1D0F-8CD4-0A9A-FB73-F01411166B21,Return Received
3830,3861567,Return Received
3831,3864021,Return Completed
3840,3859219,Return Received
3880,3856676,Return Completed
3882,1AE018DE-02E4-B071-21A6-90E9A4D35780,Return Started
3898,6C7662CF-088E-02C7-72BE-84099E8F593B,Return Received
3901,3863603,Return Received
3923,3867902,Return Started
3924,B684C70E-F65A-30EC-8020-2D2C96D3BEA3,Return Received
3941,812E5BFB-BC80-ED1A-A024-FF8F428536FB,Return Received
3943,3866738,Return Received
3951,3862353,Return Completed
3952,D6D5309D-4B59-B8A0-12E5-F1734FEEAA6F,Return Started
3954,3870142,Return Started
3971,3867774,Return Completed
3984,3857496,Return Started
4027,3866083,Return Started
4033,B1BBBF56-7819-FB53-02DD-09E1DC22CD2E,Return Completed
4036,3867642,Return Completed
4066,3856558,Return Received
4097,3870014,Return Started
4115,3858722,Return Completed
4119,3869867,Return Started
4124,3856532,Return Received
4134,3867276,Return Started
4153,726904D0-CAA2-9BD1-2593-B082620DEB97,Return Started
4154,3870553,Return Started
4158,3863868,Return Completed
4167,3863299,Return Started
4181,3866208,Return Received
4186,3856818,Return Completed
4200,3865253,Return Completed
4212,3865571,Return Started
4234,3862847,Return Received
4243,8A905AD4-7EF3-E528-50C4-82711DC68307,Return Started
4248,103EED15-AA9F-A060-B1C9-E531F9E81F5A,Return Completed
4250,3857047,Return Started
4280,3862043,Return Completed
4285,697449D5-1381-EA9A-39D2-06F47FDEDEF8,Return Completed
4286,3857512,Return Completed
4290,F022DEBA-1D6D-C00D-FC63-0540264A3C9C,Return Completed
4308,3867046,Return Received
4313,3859509,Return Completed
4317,3868568,Return Started
4318,5D416EF6-D8AC-0C1C-1409-500033EED3EE,Return Started
4337,F14FE9EE-076C-5CFB-5818-4A57F31B2639,Return Received
4356,E6D3ED31-B3ED-88FE-5FDC-E4D399156EB9,Return Completed
4359,3862046,Return Started
4387,0E6861EF-21EF-C51D-DD2F-76598ACEEB1C,Return Received
4392,F5907B4F-71F4-CDCF-468B-FA9E8EF9E945,Return Received
4408,D2B98B17-1FD1-6F76-6454-EEDEC76B331A,Return Started
4412,3866548,Return Received
4425,2BF5541C-6D78-7F5E-4BDD-E9EA8F55B425,Return Completed
4433,3864116,Return Started
4440,3866987,Return Completed
4443,3870785,Return Received
4451,3860510,Return Started
4463,3871067,Return Completed
4478,3860822,Return Completed
4482,145F317D-41B0-EDB8-4D04-C945D35BED53,Return Completed
4484,3859671,Return Started
4495,3869136,Return Received
4498,3860573,Return Started
4517,3870324,Return Completed
4527,3860950,Return Completed
4528,3866779,Return Received
4540,C90184E9-1B51-6E33-29C9-6FA7CF13E685,Return Started
4562,3866577,Return Received
4563,3870802,Return Started
4574,3867827,Return Received
4583,3864511,Return Completed
4602,DE933A4E-EA04-B79C-E93C-1686A3F5F02F,Return Received
4610,3860414,Return Started
4616,CDC462A4-9AAE-21E0-0C75-201E421BD48C,Return Started
4620,3867831,Return Received
4628,3866707,Return Started
4629,3862189,Return Received
4656,3865031,Return Received
4664,3866578,Return Started
4681,F1AA67CF-16BA-A014-13AD-8E593348A4A6,Return Completed
4696,3868169,Return Received
4701,3863992,Return Completed
4712,3859899,Return Started
4715,3856449,Return Received
4740,3863984,Return Started
4760,3864055,Return Received
4775,3863511,Return Completed
4786,3862147,Return Received
4797,3870832,Return Received
4821,119A5973-3D3E-A8D4-392F-DA4910A1D4FC,Return Started
4823,3864891,Return Completed
4863,3866959,Return Started
4881,60925AE4-45F7-2F99-787E-BDCA316CFAEE,Return Started
4882,3871172,Return Received
4887,3866772,Return Received
4925,3859092,Return Started
4945,4C22AF09-733E-65D4-53D1-037CE8866211,Return Completed
4976,3863417,Return Started
4979,AF829738-56FE-1073-7D91-0BC5C3EC641B,Return Received
4984,3861275,Return Received
4996,8DBDE032-8A26-9831-7E47-33CCFCC3CF44,Return Started
5009,3868514,Return Completed
5035,C29323D0-8B3B-FE96-DC36-E9A32FDE7FA5,Return Started
5042,6A048663-2157-3B3B-616F-14F74EB1C667,Return Received
5078,3866688,Return Started
5093,3865852,Return Started
5097,A831040A-A2D2-03FF-1BCB-E42EF43349E9,Return Received
5121,3867175,Return Started
5130,4E52FE42-2431-1191-E82C-B84F2A4E3804,Return Completed
5152,3861707,Return Completed
5161,6CFF540B-C644-4930-6723-C91A65A29C83,Return Started
5162,9778BA46-C9E0-5D2D-6CCE-78B48427E83D,Return Completed
5191,705D69E4-D98D-024B-D4BC-F73EA07B79E2,Return Completed
5195,3857286,Return Started
5220,3858246,Return Completed
5226,3858889,Return Completed
5240,3860704,Return Received
5253,8C2B3CEA-10D5-C145-3555-18468DC5B088,Return Received
5257,3868028,Return Started
5265,3865115,Return Received
5298,80AAB608-7C5C-FC7E-AA5F-B21783101CDB,Return Completed
5308,3857854,Return Completed
5309,BABE5391-CC04-B4AB-B966-8C1DBB7AB239,Return Started
5318,3862275,Return Received
5344,3856644,Return Received
5346,3870328,Return Received
5348,3868895,Return Received
5356,DCE53FD6-D45C-A018-13CD-D51AFBF31700,Return Completed
5383,3869580,Return Completed
5416,3869830,Return Completed
5429,527E7EF3-4784-9C14-1B11-E1AF9764F649,Return Started
5468,3868651,Return Received
5508,B35293B0-2C67-06D7-BE91-7ABDDB904A4C,Return Started
5545,3869877,Return Completed
5561,335A38EA-D4A5-576C-6A94-29F02C2E73E6,Return Started
5566,1735F6F3-191C-076A-DBC4-5F0255AC4BF5,Return Received
5572,CAF60ECD-F1A9-29F9-FDB9-4FA5D20E876C,Return Received
5577,3868852,Return Completed
5627,910BA6C7-1210-5B3D-F092-2D0C263D2BA6,Return Received
5641,3866465,Return Started
5860,3864068,Return Started
5886,192180D7-9874-2103-084B-17B95D18D9E3,Return Received
5887,04CFDBB6-7B55-3B31-0722-B95903DC0167,Return Received
5934,3F1DB65A-C675-27BD-C8EF-F76DE86818D1,Return Received
5940,3860453,Return Completed
6035,3865357,Return Started
6099,3860167,Return Started
6101,20B8B58A-08D5-8778-26F8-C8A04F19FB37,Return Started
6108,3866513,Return Started
6210,3865677,Return Completed
6267,3856658,Return Started
6295,DC999BB7-4461-9B12-B4E4-868E3815D6C5,Return Started
6350,3867380,Return Completed
6551,3868099,Return Received
6588,3861727,Return Completed
6634,3861039,Return Started
6742,3869180,Return Completed
6861,3867542,Return Received
6924,3865704,Return Received
6927,3864502,Return Started
6978,3866809,Return Received
7023,3859121,Return Started
7204,3856823,Return Received
7263,5511D0BE-E3EB-578A-F254-E20B49E3AD76,Return Completed
7266,0147AB1B-7778-FECF-B24C-AFA005AD5D24,Return Received
7354,3860834,Return Started
7495,3869496,Return Received
7531,098CB779-DDEB-0C7F-22E9-0CE1589D11D1,Return Started
7579,3858150,Return Started
7586,3866590,Return Completed
7806,3870168,Return Received
7887,3862104,Return Completed
7898,2BC9753D-203B-540F-BC55-0EE9B4C65974,Return Received
7899,3869284,Return Started
7940,3858869,Return Started
8347,B36777D8-0A98-E616-C52B-AE2232C0148C,Return Received
8648,0C761F7D-BBCB-9C82-EE8C-92B39E7D4628,Return Received
9038,3869933,Return Received
9107,3869439,Return Received
9682,3870291,Return Started
9909,3860080,Return Completed
10094,DA59EF1E-DF09-52BB-1673-A4AC9EB3B047,Return Completed