Chat Date,Customer Info
02/07/2021,Deirdre Ullamcorper Magna Foundation et@Donec.ca 448-2251 Nunc Rd.
01/02/2021,"Mason Mi Associates vitae.dolor.Donec@diamSed.ca P.O. Box 501, 1340 Et Street"
03/12/2021,Colby Nulla Ante Foundation ornare.placerat.orci@nisiaodio.edu 5207 Posuere Av.
02/26/21,Joy Tristique Senectus Et Ltd faucibus.Morbi.vehicula@tincidunt.net 1560 Ligula Rd.
09/23/20,"Maisie Pellentesque Habitant LLP ante.Nunc@Maurismolestiepharetra.net P.O. Box 676, 8831 Semper Avenue"
02/24/21,Aaron Integer Urna Vivamus Institute vulputate.mauris.sagittis@acnulla.ca 2419 Venenatis St.
08/03/2020,"Uma Odio Vel PC gravida.Aliquam.tincidunt@utipsumac.net 882-9056 Pellentesque, Street"
07/04/2021,"Hedwig Nec Imperdiet Inc. Donec.tempor@cursusInteger.net 913-6341 In, Road"
01/25/20,Amos Quis LLC egestas@Cras.com 639 Integer Rd.
07/28/21,Eagan Et Limited blandit.at@metuseu.net 806-4922 Hendrerit St.
06/10/2021,Venus Semper Egestas Urna Institute Phasellus.libero.mauris@imperdiet.net 921-6458 Enim Ave
01/20/21,"Xaviera Nullam Scelerisque Neque LLP Nunc@Cras.org 222-8045 Mauris, St."
09/24/20,Idola Sem Egestas Blandit Corp. sapien.Nunc.pulvinar@purus.co.uk 434-6777 Quis Ave
10/15/21,Regan Sem Molestie Ltd ac.sem.ut@non.com 412-8267 Magna. St.
10/06/2021,Rudyard Nullam Lobortis Quam Company tincidunt.adipiscing.Mauris@posuerecubiliaCurae.edu 8495 Libero. Rd.
07/19/20,Kessie Magnis Dis Corporation bibendum@consectetueradipiscing.net 4214 Magna. Street
11/21/20,"Driscoll Porttitor Limited Proin.ultrices@Craseutellus.org 662-4031 Non, Road"
04/11/2020,Shad Sit Amet Company libero.Proin@Nulla.org 807-1146 Aliquam Av.
10/03/2021,Linda Nisi A Odio Associates libero.est@mollis.co.uk 4181 Et Av.
11/13/20,Leonard Non Feugiat Associates Proin.vel.arcu@primis.co.uk Ap #475-6873 Nec Av.
10/09/2021,Sacha Sollicitudin Adipiscing Ligula PC massa.Integer.vitae@montesnasceturridiculus.net 3228 Dignissim Avenue
01/11/2020,"Adena Nunc Sollicitudin Commodo Corp. morbi.tristique@ultricies.edu Ap #175-1162 Augue, Street"
01/13/21,Rigel Semper Foundation Quisque.ornare.tortor@duiFusce.net 9596 Euismod St.
07/19/21,Astra Metus Aliquam Erat Incorporated tincidunt.dui.augue@sitamet.edu Ap #664-9608 Pede Ave
03/26/21,"Keelie Purus In Molestie Limited non.enim@Donectempor.ca P.O. Box 983, 1781 Nascetur St."
07/30/20,Imelda Nec Consulting tempor.est.ac@egestasDuisac.ca Ap #679-5173 Orci Rd.
08/22/21,Kane Eleifend Nec Malesuada Corp. vitae@nectellusNunc.edu 2316 Eget Rd.
08/10/2021,"Inga Libero Est Congue Limited ullamcorper@elementumlorem.ca P.O. Box 565, 5035 Nunc Rd."
07/17/20,"Noel Eget Nisi Dictum Ltd Mauris@Donec.com P.O. Box 386, 2746 Dui Rd."
03/14/21,"Jaquelyn Sed Corporation neque.Nullam@velarcu.com P.O. Box 140, 100 Eu, Road"
10/05/2020,Preston Ullamcorper LLC molestie.pharetra@nonummyut.com Ap #893-8886 Proin Road
10/13/21,Erica Torquent Limited Nullam.feugiat.placerat@auctorullamcorper.com Ap #734-9116 Curae Rd.
12/09/2020,Todd Dui Fusce Institute orci@etmagnisdis.edu 2640 Sit Road
07/28/20,"Victor Sociis Natoque Ltd ligula@risusQuisquelibero.edu 9060 Eget, Road"
05/08/2020,Hoyt Lorem Auctor LLP amet.risus.Donec@tristiqueneque.net 8058 Phasellus Avenue
05/16/21,"Lucian Ac Arcu Nunc Consulting facilisis@rutrum.net P.O. Box 391, 5424 Libero St."
12/20/20,Candace Odio Limited egestas.Fusce.aliquet@arcu.net Ap #955-4036 Magna. Street
04/12/2021,"Tyrone Pharetra Ut Pharetra Corporation Aenean.egestas@lacus.net P.O. Box 957, 996 Gravida Avenue"
08/27/21,Fredericka Erat Sed PC Suspendisse@vitaeposuere.edu Ap #584-8636 Cursus. Av.
07/13/21,"Joel Diam Proin Dolor Corporation lobortis.nisi@feugiat.org 425-6840 At, Street"
06/02/2020,Drake Dictum Placerat LLC tempor@fringillamilacinia.org 5659 Ut Rd.
04/13/21,"Fiona Malesuada Company sem.magna.nec@Crasdolor.net P.O. Box 461, 2253 Vitae, Rd."
07/09/2021,Gregory Odio Nam Interdum Associates pharetra.nibh.Aliquam@cursusin.co.uk Ap #592-7267 A Road
08/09/2020,Brianna Auctor Associates Duis.ac.arcu@seddictum.com 873-927 Tellus Road
01/26/21,Garrett Magna Tellus Faucibus Industries dictum.ultricies.ligula@nisidictum.org Ap #777-1367 Vitae Ave
03/01/2021,Oleg Magna Ut Corporation lorem.sit.amet@Praesent.org 4995 Justo Ave
02/15/21,Wynne Sed Incorporated egestas.blandit@enimnec.co.uk 3991 Convallis Rd.
11/04/2020,"Lucius Pretium Et Incorporated Sed@Quisqueliberolacus.co.uk P.O. Box 791, 5063 Amet Rd."
02/18/21,"Dana Sem Limited risus.Donec@consectetuer.edu P.O. Box 625, 5864 Maecenas Avenue"
03/10/2021,Britanney Non Justo Proin PC Lorem.ipsum@Duis.co.uk Ap #651-1211 Luctus St.
12/22/19,"Uriah Nunc Mauris Corp. Nullam.nisl@Naminterdumenim.net P.O. Box 896, 3516 Vulputate St."
05/19/21,Edan Ligula Nullam Enim LLP eleifend.nunc.risus@pharetra.co.uk 9805 Nullam Rd.
10/01/2021,"Kamal Augue Porttitor Consulting cubilia.Curae@consequatenim.co.uk P.O. Box 391, 9800 Ante, Road"
02/09/2020,Nolan Dapibus Rutrum Justo Corporation orci.quis@ligulaNullamfeugiat.ca 537-6977 Iaculis Street
05/15/20,Nigel Bibendum LLP Quisque.tincidunt.pede@non.com 223-281 Volutpat. Avenue
07/01/2021,Josiah Aliquet Metus LLC enim@enimdiamvel.net Ap #379-5731 Ac Avenue
03/19/21,"Clinton Lorem Ipsum Incorporated Vivamus.rhoncus@lacusQuisque.org P.O. Box 385, 4282 Iaculis, Street"
06/06/2020,Gage Fermentum PC porttitor@diamdictumsapien.org 8604 Nec Ave
05/12/2020,Jerome Malesuada Ut Sem PC nec.eleifend@convalliserat.ca Ap #201-5731 Dictum Ave
12/28/19,"Cooper Phasellus Fermentum Convallis Industries Mauris.blandit.enim@libero.net P.O. Box 295, 1350 A, Street"
08/21/21,Erich Vivamus Nisi Ltd bibendum.fermentum@euelit.edu 929-6425 Mauris Street
08/17/20,Whoopi Vulputate Velit Eu Incorporated semper.pretium.neque@convalliserat.ca 286-1065 Porttitor Rd.
07/07/2020,Hoyt Dolor Dolor Consulting elit@justonecante.ca Ap #697-1832 Sollicitudin Rd.
09/15/20,Isabella Enim Associates felis.adipiscing.fringilla@sedpede.org 221-8844 Ante Rd.
07/01/2020,Tana Magna A Foundation vitae@fringillaestMauris.org Ap #384-7493 Leo. Ave
01/20/20,Edan Placerat Inc. elit.pellentesque@ipsumcursus.org Ap #182-5770 Dui Rd.
12/17/19,Quinlan Tristique Aliquet Limited sit.amet@nequeetnunc.edu Ap #975-3739 Vestibulum Road
11/06/2021,Levi Sit Amet Ltd Proin.vel@tellus.ca 730-6406 Molestie St.
12/14/21,"Joan Ornare Egestas LLP enim.consequat@Nunc.co.uk P.O. Box 523, 4453 Fermentum Rd."
04/30/20,Isabelle Ipsum Nunc Id LLC massa@eunullaat.org 6752 Senectus St.
07/27/21,Coby At Sem Limited quis@aliquam.co.uk 828-3176 Nunc St.
12/26/19,Karly Pellentesque Incorporated rutrum.non@necdiam.co.uk Ap #647-1436 Elit Rd.
07/30/20,Lacota Orci Quis Industries dolor@euaccumsan.com 9802 Ullamcorper Avenue
09/03/2020,Freya Et Rutrum Corporation et@feugiat.org 1892 Ac Ave
02/09/2020,Eric Tempus Consulting Mauris.non@sed.co.uk Ap #258-7562 Eget Ave
09/12/2020,"Samson Tellus Eu Industries ipsum@sapienCrasdolor.com Ap #142-4499 Vulputate, St."
05/10/2021,"Slade Torquent Per Conubia PC vitae.risus.Duis@nequesedsem.com P.O. Box 986, 1706 Amet, Ave"
04/25/21,Oren Amet Corp. metus.Aliquam.erat@Nunc.edu 932-1599 Sit Av.
02/12/2020,"Cassandra Nec Mauris Blandit Limited tincidunt.nibh@faucibusutnulla.ca P.O. Box 599, 3366 Tincidunt Street"
02/12/2021,Alfonso Molestie Arcu Sed LLC mauris.id@eget.ca Ap #986-9499 Cursus Avenue
05/24/21,Clio Dui Lectus Rutrum LLP magna.sed@felis.edu 820-9695 Laoreet Ave
06/24/21,"Hannah Luctus Corp. in.felis@hendreritnequeIn.edu 7520 Vel, St."
01/29/20,Lila Litora Torquent Per LLC turpis.Aliquam.adipiscing@pharetra.edu Ap #808-8565 Eu Road
07/12/2021,Chaim Cras Pellentesque Associates enim@risusquisdiam.ca Ap #704-4150 Suspendisse St.
09/16/21,Nolan At Pede Cras Institute ultrices.sit.amet@rutrumlorem.edu Ap #925-6635 Tincidunt St.
08/23/20,"Lars Aliquam Iaculis LLP elementum.dui@dictummagna.ca P.O. Box 896, 661 Velit St."
09/15/20,"Martha Laoreet Lectus Quis Institute ipsum.dolor.sit@quamelementum.co.uk P.O. Box 702, 1723 Mauris Street"
01/10/2020,Fleur Risus Company urna.Nullam.lobortis@mattisCraseget.ca Ap #799-5736 Sollicitudin Rd.
01/29/20,Russell Egestas Nunc Institute facilisis@quis.net 660-384 Ridiculus St.
02/26/20,"Matthew Ornare Associates urna@Naminterdumenim.ca P.O. Box 595, 3832 Eu Avenue"
08/08/2021,Rebekah Purus Mauris A Corporation ornare.tortor@Maurismagna.edu Ap #509-6884 Gravida Rd.
07/08/2021,Venus Lectus Pede Ltd est.Nunc@lorem.co.uk Ap #529-7431 Vel Ave
09/23/21,"Chiquita Eros Nam Consequat Associates luctus@velitQuisque.com P.O. Box 804, 9729 Feugiat. Avenue"
12/12/2021,"Yetta Vitae Diam Proin Corp. faucibus@sociis.edu P.O. Box 459, 2358 Fermentum Road"
07/14/20,"Carol Et LLP est@tristiquepharetra.net Ap #955-3039 Montes, Street"
08/03/2021,Ethan Nulla Associates fringilla.mi@massa.edu 294-5517 Egestas Rd.
02/13/20,Casey Nisi Mauris Nulla PC Sed@semperauctorMauris.org Ap #469-2499 Cum Road
03/29/20,Vernon Leo Inc. nonummy@auctorMauris.ca Ap #912-2942 Viverra. Rd.
05/12/2021,Harper Semper Consulting in.faucibus.orci@fermentummetusAenean.org 496-5953 Magna. St.
02/21/21,Samuel Tempor Industries malesuada@scelerisquedui.org Ap #766-5606 Molestie Rd.
03/15/21,Elizabeth Metus Sit Amet Inc. Cras.eget@nequeetnunc.com 4082 Magna. Rd.
05/10/2021,"Xenos Sodales Nisi Magna Consulting dolor@pharetranibhAliquam.com 1380 Est, St."
09/24/21,Jescie Pharetra Ut Corp. tincidunt.congue@iaculisodio.net Ap #117-5721 Varius Rd.
03/28/20,Philip Sit Amet Risus Institute gravida.nunc@imperdietdictummagna.org Ap #273-6710 Viverra. Ave
01/04/2021,"Mikayla In Felis Corporation vestibulum@augue.org P.O. Box 242, 2516 Ipsum. Ave"
10/30/20,"Baker Pede Cum Foundation nunc@gravidasagittisDuis.com P.O. Box 733, 2764 Eu Road"
10/02/2021,Isaac Integer Id Magna Limited Sed.eu@rhoncusNullamvelit.ca 9563 Nulla Rd.
09/28/21,"Dylan Quisque Limited lectus.quis.massa@Nullam.co.uk P.O. Box 284, 195 Etiam Avenue"
07/18/21,Kasper Ac Turpis Egestas LLP Nam@sodalespurusin.org 569 Fames Rd.
09/04/2020,Bruno Quam Quis Diam Company nec.tempus.scelerisque@Sedet.edu 7884 Metus St.
07/24/20,Dai Quisque Corp. lorem@magna.net Ap #867-3898 Diam Rd.
02/07/2021,"Joan Est Congue A Corporation eget@etmalesuada.net P.O. Box 578, 9019 Nec St."
01/27/21,Burton Purus Sapien Gravida Company montes.nascetur.ridiculus@scelerisque.org 131-622 Vulputate Rd.
07/12/2020,Marah Proin Inc. egestas.rhoncus.Proin@orcisem.ca 4928 Dolor. Road
08/16/20,"Eve Consectetuer Adipiscing Elit Company lacus.Quisque@mattis.co.uk P.O. Box 909, 2724 Mi Avenue"
08/12/2020,"Igor Dolor Quam Elementum Incorporated non.leo@erat.org P.O. Box 310, 8461 Lorem Road"
01/29/21,"Christine A Ltd augue.id.ante@actellus.net P.O. Box 808, 6961 Ut Avenue"
06/23/20,"Cruz Neque Company montes@consequatauctor.ca 405-3455 Facilisis, Av."
07/24/21,Zia Auctor Nunc Consulting risus.Nulla@ultricies.co.uk Ap #681-7353 A St.
02/15/21,Fitzgerald Quisque Libero Lacus Inc. velit@iaculisquispede.org 135-8189 Orci Ave
12/05/2020,Gillian Neque Ltd eget@orci.net Ap #285-1140 Adipiscing Ave
07/07/2020,"Branden Et Netus Et Consulting nostra.per.inceptos@pretiumet.org 487-3718 Et, Road"
02/22/21,"Matthew Pede Suspendisse LLC egestas.blandit@purusDuiselementum.org P.O. Box 816, 9018 Lectus Road"
11/15/21,Merritt Donec Ltd sem@Maurisnulla.net Ap #332-7297 In Av.
05/19/21,"Devin Dictum Sapien Aenean Foundation venenatis@Cras.net P.O. Box 725, 9883 Volutpat Road"
03/05/2020,Bruno Dapibus Rutrum Foundation hendrerit@Aliquamornare.org 994-4807 Vel Street
08/03/2020,McKenzie Est Nunc Associates turpis@feugiatmetus.com 981-4186 Suspendisse Rd.
01/18/21,Kaseem Fringilla Inc. sed.tortor@risusaultricies.org Ap #650-9155 Gravida. Street
07/27/21,Stacy Egestas Fusce Corporation magna.tellus@consectetueripsum.ca Ap #692-3492 Etiam Ave
05/11/2021,"Zachery Phasellus Dolor Corporation quis.turpis.vitae@rhoncus.edu 6502 Eget, Av."
03/24/20,Acton Tortor At PC sociis.natoque.penatibus@Integereulacus.com 5024 Sociis St.
04/21/21,Sade Egestas Lacinia LLC arcu.Nunc.mauris@Phasellus.com 9183 In Rd.
03/13/21,Matthew Maecenas Mi LLP diam.dictum@semconsequatnec.co.uk 284-5236 Nec Rd.
07/15/20,Zephania Rhoncus Consulting nibh.dolor@Donecvitaeerat.co.uk Ap #879-2142 Libero Road
10/08/2021,"Juliet Sed Inc. libero.Proin.mi@acnulla.edu P.O. Box 973, 3926 Id, Ave"
05/28/21,"Dorian Ultrices Iaculis Odio Company imperdiet.non@magnaseddui.org P.O. Box 715, 9928 Ut Av."
04/27/20,Jane Volutpat Corporation consequat@pretium.ca 583-7257 Dictum Ave
07/12/2021,Desiree Consequat Purus Maecenas Foundation sollicitudin.commodo.ipsum@egetmollis.org 732-7716 Aenean Avenue
07/10/2020,"Fiona Nullam Foundation laoreet.ipsum@luctusCurabitur.ca P.O. Box 557, 1547 Dolor, Av."
03/31/21,"Stone Non Enim PC porta.elit@lectuspede.org P.O. Box 428, 2195 Eu Rd."
01/09/2020,"Aileen Ipsum PC mus.Donec@tempusscelerisquelorem.co.uk P.O. Box 946, 9071 Malesuada Avenue"
05/15/21,Dorian Dis Parturient Montes Corp. Proin.sed.turpis@euodiotristique.net 3679 Pellentesque St.
07/09/2020,Bradley Mauris Morbi Consulting condimentum.eget@interdumlibero.ca 388-668 Nulla. St.
08/17/21,Hall Lacus Aliquam Company diam@sitamet.edu Ap #131-3787 Ipsum. Street
05/12/2020,Skyler Adipiscing Incorporated dignissim.lacus.Aliquam@convalliserat.com 5337 Vitae St.
03/30/20,"TaShya Vestibulum LLC ultrices.mauris.ipsum@mi.ca P.O. Box 149, 5531 In Rd."
12/09/2020,Constance Auctor Non Feugiat LLC auctor@aarcu.ca Ap #549-2597 Lorem Rd.
08/17/20,"Quyn Eu Corporation egestas.Duis.ac@aliquet.com P.O. Box 163, 8639 Curabitur Street"
04/30/21,Karleigh Nam Nulla Magna Incorporated vehicula.et.rutrum@asollicitudin.edu 233-4594 Dolor Road
08/20/21,"Madeson Orci Corp. leo.Vivamus@loremloremluctus.edu P.O. Box 543, 2027 Torquent Ave"
02/07/2021,Jerome Duis Limited sem.Nulla@per.edu 346 Erat Rd.
09/20/21,Caldwell Ac Inc. porttitor@quis.com Ap #271-5351 Vitae Rd.
06/08/2021,Tanek Ipsum Phasellus Vitae Corp. enim.gravida.sit@aliquameuaccumsan.org 6513 Arcu St.
01/13/21,"Zelenia Penatibus Foundation dictum@arcuCurabiturut.net 6535 Id, Street"
01/02/2021,Joel Auctor Industries diam@ipsumsodalespurus.co.uk 895-5764 Scelerisque Ave
06/19/20,Illiana Nec Tempus LLC adipiscing.elit.Etiam@ametluctusvulputate.net Ap #692-9086 Enim St.
02/10/2021,"Malik Parturient Company enim.Nunc@Sedauctorodio.edu P.O. Box 372, 227 Vitae, Street"
07/24/20,Linus Erat Limited ipsum@Donec.co.uk Ap #572-9003 Orci. Rd.
03/25/21,Plato Ac Fermentum Vel Corp. in.consequat.enim@gravidaAliquam.org 9436 Lobortis Street
12/11/2021,Griffith Vitae Corp. odio@ipsumdolorsit.ca 331-5949 Aliquam Rd.
01/27/20,"Ahmed Ullamcorper Nisl Arcu Foundation ac@purus.co.uk P.O. Box 878, 5552 Mi. Rd."
07/07/2020,Steel Turpis Aliquam Incorporated nascetur.ridiculus@afeugiattellus.net 781-1622 Luctus Rd.
01/03/2020,"Dustin Massa Company a@Sed.net P.O. Box 300, 2564 Integer St."
12/19/19,Nell Lobortis Mauris Suspendisse Corporation nibh.vulputate.mauris@at.net Ap #235-3902 Cursus Ave
08/29/20,"Damon Lectus Institute massa@turpisNulla.co.uk 4272 Orci, Rd."
11/16/21,Briar Semper Nam Tempor PC ac.tellus.Suspendisse@nisiCum.org Ap #543-7479 Sed Ave
02/12/2021,Orli Maecenas Iaculis Aliquet Incorporated ridiculus.mus.Proin@euismodmauriseu.net 5004 Ligula Avenue
12/13/20,Peter Pede Consulting Phasellus.libero@ullamcorper.co.uk Ap #980-260 Pharetra. Avenue
03/08/2021,"Germane Sollicitudin Company et.magnis@idlibero.net P.O. Box 693, 2436 Varius St."
04/29/20,Holmes Erat Corporation risus.Donec.egestas@interdumSedauctor.co.uk 420-1638 Dolor Street
11/11/2020,Porter Varius Associates urna.convallis.erat@odioauctor.edu Ap #825-9372 Ac Avenue
09/24/20,Hector Aliquam Ultrices Iaculis Corporation consequat@acfeugiatnon.ca 597-4194 Suscipit Ave
08/11/2021,Elliott Nec Tempus Scelerisque Corporation nibh@scelerisquedui.ca 9827 Nunc Av.
11/22/20,Armando Elit Ltd eros.non@ridiculus.edu 1652 Sed St.
10/22/20,Rinah Pellentesque Tellus Sem Company feugiat.non.lobortis@non.org Ap #868-2369 Ornare Ave
09/14/21,Rosalyn Eu Euismod Institute porttitor@ornarelectus.edu 7953 Amet Road
08/17/21,"Wylie Ut Company non@egestasnuncsed.co.uk P.O. Box 304, 4261 Vitae Rd."
07/06/2021,Moses Gravida Industries nunc.id@dui.org Ap #203-110 Curabitur Rd.
04/05/2021,"Noble Nam Institute Class.aptent@felispurus.org P.O. Box 913, 8295 Rutrum Street"
05/29/20,"Hedda Nonummy Ultricies Industries nec.leo@et.edu Ap #810-8626 Vel, Av."
07/26/20,Bruce Et Magna Incorporated nec.euismod.in@blandit.co.uk Ap #631-1701 Interdum. St.
04/10/2020,"Warren Non Lacinia At Corporation ante.ipsum@egestasSedpharetra.ca P.O. Box 106, 7764 Pharetra. St."
08/11/2020,"Shaeleigh At Associates vitae.velit.egestas@Maurisquisturpis.net P.O. Box 942, 1343 Tristique St."
03/26/21,Lydia Aliquet Magna A Company luctus.sit.amet@Sed.edu Ap #369-1318 Vehicula Street
06/22/21,Paki Tincidunt Neque Associates tempor.bibendum.Donec@pharetraQuisqueac.net 873 Aliquam Rd.
12/31/20,"Devin Commodo At Libero Consulting arcu@justo.org 628-3703 Ut, St."
07/10/2020,Brooke Et Rutrum Associates feugiat.tellus@sociisnatoquepenatibus.com 918-9759 Ultricies Av.
07/15/20,"Mona Erat LLP rutrum.non.hendrerit@idliberoDonec.net P.O. Box 565, 3610 Fusce Ave"
12/02/2021,"Ayanna Pede Nunc Company parturient@dictum.ca P.O. Box 257, 5336 Auctor, Ave"
03/08/2021,Jada Nisi Sem Semper Inc. rhoncus@Fuscefeugiat.com 5243 Phasellus St.
02/15/20,Breanna Vestibulum Corp. metus.sit@vulputate.com 969-7999 Eros. Street
01/18/21,Zephania In Tincidunt Associates Curabitur.dictum.Phasellus@dolornonummy.net 108-3357 Odio. Ave
04/09/2020,Cassandra Litora Torquent Limited accumsan@interdumNunc.org Ap #979-7431 Arcu. Avenue
01/13/20,"Pearl Cras Convallis Institute dolor@ac.edu P.O. Box 716, 5974 In Rd."
05/18/20,"Rama Etiam Ligula Tortor Institute lacus@nullamagnamalesuada.com 828-4314 A, Avenue"
07/16/21,Travis Consectetuer Rhoncus Corp. amet@massarutrummagna.co.uk 8176 Et Rd.
04/07/2021,Castor Ipsum Institute nulla.Integer.vulputate@aliquet.net 8910 Eget Av.
09/19/20,"Sonia Donec Ltd nunc.Quisque@vitaeerat.edu 974-4717 Et, Rd."
07/27/20,Summer Mauris Corporation auctor@justonecante.edu Ap #929-7429 Laoreet Street
02/03/2020,Maia Cursus Corporation id.sapien@pellentesquetellussem.com Ap #492-4762 Enim. Avenue
12/23/19,"Jamal At LLP ullamcorper.eu@faucibus.ca P.O. Box 692, 9134 Nulla Av."
11/11/2021,Rhona Eros Non Consulting ullamcorper.nisl@velpedeblandit.co.uk 858-6677 Eget Av.
12/09/2021,Tanek Proin Nisl Sem Inc. blandit.at@atpretium.co.uk 2916 Adipiscing St.
09/28/20,Aristotle Ut Sem Ltd dui.nec@erosProin.edu 6858 Mauris Rd.
09/17/21,Alfreda Netus PC magna.malesuada.vel@lobortisauguescelerisque.org 849-4379 Fringilla Rd.
12/15/20,Sophia Ante Iaculis Nec Limited Cum.sociis@pharetra.ca 808-1212 Nullam Rd.
05/17/21,William Imperdiet Erat Nonummy LLC consequat.dolor@consequat.org 9322 Proin Rd.
11/21/20,"Candice Eros Turpis Associates justo.sit.amet@ategestasa.co.uk P.O. Box 921, 472 Non, Av."
11/19/21,"Alvin Sit Amet Ultricies Consulting velit.Sed.malesuada@justositamet.net P.O. Box 210, 645 Turpis Rd."
03/24/20,Tatum Sapien Gravida Corp. hendrerit.a@tincidunt.edu 801-681 Ut Road
02/04/2020,"Jerome In Molestie PC ligula.Donec.luctus@ProinmiAliquam.edu 434-9436 Ac, Rd."
06/07/2020,Nicole Lacus Mauris Associates sit.amet@temporest.com 4719 Tristique Avenue
10/04/2020,Noelle Fermentum Convallis Ligula LLP eros.Proin@tempusscelerisquelorem.org 3848 Ligula. Road
10/18/21,Duncan Erat Vivamus Nisi PC ullamcorper@musAenean.ca 725-4015 Vitae Avenue
01/12/2020,Norman Luctus Limited hendrerit.a@ligulaeu.com Ap #290-8185 Dui. Rd.
06/21/20,Felicia Libero Lacus PC Donec@tinciduntdui.net Ap #722-687 Vivamus Rd.
09/05/2020,Jason Neque Nullam Institute Aenean.massa.Integer@accumsansedfacilisis.ca 2760 Sagittis St.
11/27/20,Melissa Arcu Eu PC mollis.non@vulputatevelit.co.uk 9997 Diam Ave
12/12/2021,Mari Sodales Purus In Limited orci@etmalesuada.com 8537 Tellus Avenue
09/23/21,Roth Gravida Aliquam Limited ridiculus.mus.Donec@orci.ca 5847 Egestas Av.
06/25/20,Jenna Eros Nam LLP eleifend.nec.malesuada@ultrices.net 3815 Phasellus Street
10/04/2021,Charlotte A Associates quam.quis@velitSedmalesuada.ca 307-8754 Nibh St.
05/11/2020,Dominic Nibh Quisque Nonummy Incorporated Aliquam.nec.enim@sedturpisnec.ca 3636 Quisque Rd.
07/26/21,Hayfa Nisi Ltd dictum@necurna.net 9686 Lorem St.
09/18/20,"Zahir Amet Ornare Lectus Corporation purus.sapien.gravida@malesuadavelconvallis.net 1799 Pede, Ave"
07/05/2021,Blythe Lacus Quisque Purus Foundation elementum.dui@eueuismod.edu Ap #156-7836 Ut Rd.
01/02/2021,"Ocean Nisi Sem Consulting non@lacuspedesagittis.ca P.O. Box 781, 2007 Turpis Rd."
09/01/2020,"Dominic Facilisi Sed Neque LLP vel.faucibus@euismodet.com P.O. Box 418, 8634 At Ave"
03/26/20,"Felix Rutrum Justo Corporation amet.orci@telluseu.edu P.O. Box 166, 5276 Natoque Avenue"
07/18/21,"Reed Nibh Company risus@vitaeorciPhasellus.edu P.O. Box 888, 8029 Viverra. St."
05/27/21,"Abel Aliquam Gravida Mauris Corp. enim.Etiam.imperdiet@mattis.ca 662-5568 Tortor, St."
12/05/2020,"Chadwick Nec Euismod In Incorporated consequat.purus.Maecenas@malesuadavelconvallis.com P.O. Box 165, 4406 Tempus Road"
01/11/2020,Barbara Nunc Lectus Pede Limited leo@rutrumFuscedolor.com 572-5346 Lacus. St.
10/01/2021,Silas Malesuada Id Incorporated magna@velitdui.ca 767-4105 Sed Av.
12/23/20,Armand Risus Corporation mauris.id.sapien@at.net Ap #665-9614 Id Rd.
06/06/2020,Jaquelyn Penatibus Et Magnis Industries dolor.egestas.rhoncus@senectus.com Ap #704-7375 Sollicitudin St.
06/21/21,"Ahmed Senectus Et Netus Corp. Mauris.non@nibhAliquamornare.ca 9024 Fringilla, St."
07/12/2020,Latifah Nulla Facilisis Suspendisse Associates eleifend.nunc.risus@Fuscealiquamenim.org 9818 Proin Rd.
05/30/21,Kato Euismod Est Arcu Corporation Praesent.interdum.ligula@velest.com 5256 Convallis St.
02/09/2020,Jasper Cursus Et Corporation ornare.libero.at@nibh.edu 3439 Ac St.
03/04/2021,Jerry Odio Consulting velit.Sed.malesuada@dui.org Ap #794-5070 Donec Avenue
02/18/20,Aladdin In Ornare Sagittis Corp. orci@hymenaeos.net 3592 Lobortis Ave
04/13/20,"Ross Tempus Consulting Ut.tincidunt@Vivamussitamet.ca P.O. Box 193, 5305 Ullamcorper Street"
09/05/2020,Cameran Ante Company Phasellus@facilisiSed.co.uk 1735 Accumsan Ave
02/02/2020,Cadman Ut Lacus Nulla Institute enim.sit.amet@dignissim.ca 799-9010 Volutpat Avenue
09/03/2020,Scott Rhoncus LLP consectetuer.cursus.et@hendreritidante.edu 400-8579 Dolor Av.
05/31/20,"Uma Diam Proin LLP eu@ettristique.com Ap #976-1847 Eget, St."
01/31/20,Jade Libero Integer In Foundation sagittis.Nullam.vitae@nonbibendum.net 4283 Natoque Street
03/23/21,Joy Dolor Vitae Limited libero.Proin@auctor.org 7740 Eget Street
05/31/20,Noah Dis Parturient Incorporated laoreet.libero.et@risusDuis.org Ap #698-4029 Neque. Av.
06/06/2020,Rylee Nulla Magna Foundation cursus.Nunc@adipiscing.net Ap #860-9988 Morbi Ave
10/30/21,"Jemima Magnis PC sit.amet@nibh.ca P.O. Box 573, 5344 Fringilla Street"
12/22/19,Neil Etiam Vestibulum Massa Limited dolor@montesnasceturridiculus.com 443-4509 Luctus. Av.
09/09/2021,"Stephen Cubilia LLC Nunc@veliteu.ca 7800 Eu, Rd."
05/03/2021,Otto Nec Inc. Donec.dignissim@ligulatortor.net 7621 Proin Street
10/21/21,Branden Massa Integer Vitae Limited eu.euismod@urnajustofaucibus.org 3332 Mauris Ave
06/07/2021,Germaine Ac Urna LLP massa.lobortis.ultrices@augueSed.ca Ap #593-3429 Non Av.
03/03/2021,"Malachi Praesent Limited consectetuer@Maecenasmalesuada.co.uk P.O. Box 568, 6271 Dui. Road"
07/03/2020,"Davis Nunc Commodo LLC Nam@eu.com P.O. Box 170, 9732 Luctus Street"
10/18/21,"Jane Arcu Vestibulum Ante PC ac@adipiscing.net P.O. Box 231, 6881 Risus. Rd."
08/02/2021,Vaughan Mauris Nulla Integer Inc. nec.urna@elit.org 422-5712 Tellus Rd.
08/19/21,"Marcia Eget Mollis Company eu.ligula@vehicula.co.uk P.O. Box 495, 6600 Sed Street"
10/26/21,Macon Feugiat Non Institute erat.eget.ipsum@Cumsociisnatoque.com 4282 Integer Ave
01/05/2020,Tallulah Justo Proin Non LLP id@amet.co.uk 7266 Cursus. Avenue
08/16/21,"Tamara Id Ltd libero.Donec@In.org P.O. Box 561, 912 Libero St."
10/20/21,Virginia Egestas Aliquam Foundation auctor.non@Sednec.com 161-9524 Orci Av.
09/04/2021,Shellie A Purus Duis Ltd amet@idmagna.net 2752 Donec Street
10/23/20,"Neville Suspendisse Ac Inc. aliquet.molestie.tellus@arcuimperdietullamcorper.com P.O. Box 991, 9434 Cras Ave"
08/09/2020,"Ocean Dapibus Incorporated posuere.cubilia@fringillaeuismod.edu 268-8897 A, Avenue"
03/23/20,"Alisa Purus Ac Associates leo@semperegestas.com P.O. Box 108, 1020 Quis Av."
11/30/20,Acton Nec Metus Facilisis Consulting turpis@sollicitudin.com 2613 Sed Avenue
11/16/21,Addison Quis Pede Institute cursus.et@orcisem.com 7866 Mauris. St.
08/18/20,Aimee Curabitur Massa Vestibulum PC ligula@Aenean.co.uk Ap #762-9622 Massa. Street
10/21/21,Caesar Nibh Sit Amet Inc. lorem.luctus.ut@loremeumetus.org 248-5636 Odio Street
03/16/20,Nasim Sit Limited vitae.velit.egestas@semper.ca Ap #743-8559 Quisque St.
12/17/21,Leroy Hymenaeos PC Aenean.sed.pede@lobortis.net Ap #850-7374 Tortor Ave
12/10/2020,"James Donec Vitae Associates euismod.enim@anteiaculisnec.org P.O. Box 671, 9891 Nonummy. Avenue"
07/02/2020,Anthony Lorem Semper Limited nunc.ullamcorper@volutpatornare.com 592-3204 Lacus. Street
12/20/19,"Scarlet Faucibus Orci Luctus PC sagittis.semper.Nam@neque.edu 392-4952 Elit, Ave"
03/29/21,Avye Suspendisse Ac Institute lectus.a.sollicitudin@idanteNunc.org Ap #707-2380 Risus. Av.
02/25/21,"Elvis Sit LLC montes.nascetur@Lorem.org P.O. Box 250, 6258 Id Street"
07/17/20,Chaney Malesuada Integer Id Ltd Cras.dolor.dolor@utcursusluctus.edu Ap #911-6079 Felis Ave
08/29/20,Ivor Congue Turpis In Associates eu.accumsan@semegetmassa.co.uk Ap #171-8660 Justo Road
09/29/21,Wylie Mauris Integer Ltd Fusce.mi@lacusEtiam.ca Ap #710-6237 Iaculis Avenue
04/23/20,Ramona Velit In Aliquet Company orci.lobortis.augue@quam.com Ap #243-2153 In Avenue
12/04/2020,Clarke Mi LLP eget.tincidunt.dui@duiSuspendisse.org Ap #992-692 Turpis St.
01/12/2020,"Fay Adipiscing Non Foundation ligula.Aliquam@sitametconsectetuer.com P.O. Box 752, 5653 Pede. St."
12/14/20,"Deirdre Fusce Dolor LLC dictum@mattisIntegereu.net 753-4225 Auctor, Rd."
10/09/2020,Beverly Euismod PC in.cursus.et@Aliquamadipiscinglobortis.com Ap #776-3661 Sagittis Av.
09/06/2021,Benedict Cras Vulputate Velit Inc. vel.turpis.Aliquam@mauris.ca Ap #986-8490 Pellentesque Av.
11/20/20,Dexter Cum Sociis Natoque Company mauris@magnatellus.net 768-3385 Tempor Av.
01/13/20,Fritz Pharetra Quisque Ac Industries amet.orci.Ut@DonecestNunc.com Ap #734-7445 Arcu. Av.
12/17/19,"Cherokee Convallis Company ut@maurissitamet.edu P.O. Box 548, 7645 Etiam Rd."
03/28/20,Simon Eleifend Vitae Incorporated sem.ut@Cras.edu 531-7958 Dictum Rd.
03/14/21,"Barry Blandit At LLC penatibus.et@nequeNullam.co.uk P.O. Box 771, 2857 Ultrices, St."
07/11/2020,Rama Augue Scelerisque Mollis Foundation Fusce.mi@Fuscedolor.com 950 Blandit Road
06/16/20,"Amena Semper Company velit@semper.edu P.O. Box 622, 1121 Facilisis. St."
04/05/2020,Dennis Porttitor Scelerisque Corporation arcu@Duisatlacus.edu 7482 Ipsum. Av.
10/12/2020,Ivy Elementum Industries Cras@maurisIntegersem.co.uk Ap #309-7170 Magna. Rd.
12/18/19,Caldwell Cum PC sollicitudin.commodo@ligulaAliquam.com Ap #484-6861 Lacus St.
12/14/20,Dexter Tempor Industries pharetra.nibh.Aliquam@erosnectellus.com 9107 Facilisis Road
02/06/2021,"Gareth Tincidunt Adipiscing Mauris Industries laoreet.ipsum.Curabitur@justoeuarcu.org P.O. Box 646, 2635 Nec Avenue"
07/16/21,"Angelica Et Risus Ltd tempor.lorem@molestietortornibh.net P.O. Box 165, 7264 Nisi. Avenue"
10/12/2020,Owen Arcu Aliquam Institute auctor@libero.com 651-1282 Lorem St.
11/10/2021,"Tara Vitae Associates montes@atnisi.co.uk P.O. Box 472, 9100 Erat Av."
09/28/20,"Drew Ornare Tortor At LLP turpis.vitae@tristique.org P.O. Box 910, 8276 Risus Avenue"
03/21/21,Athena Risus At Consulting Fusce.mollis.Duis@nonduinec.edu 586-319 Fames Street
05/14/20,"Casey Id Nunc Interdum Limited lorem.eget@montesnascetur.com Ap #522-2877 Dui, Street"
06/28/21,"Alan Tempor Est Ac Consulting Aenean@euultricessit.net 938-5639 Lobortis, Rd."
01/28/21,"Reece Rutrum Inc. Nunc@rhoncus.edu P.O. Box 967, 3251 Suspendisse St."
06/26/20,Maile Gravida Praesent Institute netus.et.malesuada@erosnon.com Ap #433-5818 Sit Rd.
05/03/2020,Shoshana Velit Pellentesque Ultricies Associates a.nunc@pede.edu 3166 Tellus. Ave
07/03/2020,"Oren Consequat Enim Diam LLC et.ultrices.posuere@sodalesMauris.edu P.O. Box 159, 8931 Dapibus Avenue"
05/11/2021,Leo Duis Volutpat Nunc Industries Integer.in@lobortis.net Ap #206-1908 Tempus Road
09/10/2021,"Malachi Sit Amet Institute dis.parturient@turpisegestas.org P.O. Box 607, 4292 Duis Avenue"
04/23/20,Felix Hendrerit A Arcu Inc. a@urna.edu Ap #918-8193 Lorem St.
03/24/20,"Darrel Magna Lorem Ipsum Company urna.Ut.tincidunt@imperdiet.org P.O. Box 139, 5165 Commodo Ave"
10/11/2021,Ralph Mauris Industries diam.Duis.mi@interdum.co.uk 2012 Fringilla Ave
02/18/21,"Elvis At LLP mauris.Integer.sem@porttitorvulputateposuere.ca P.O. Box 941, 4715 Eget, Ave"
04/14/20,Rahim Ac Nulla Corp. Cum.sociis@seddolorFusce.net Ap #900-829 Proin Rd.
05/11/2021,"Calista Mauris Ltd In.nec.orci@facilisiSed.com P.O. Box 862, 4881 Non Av."
01/14/21,Adria Nulla Facilisis Consulting Nam.porttitor.scelerisque@cursuspurusNullam.com 919-9016 Curabitur Ave
10/26/21,Oleg Libero Est Congue PC orci.lacus.vestibulum@vulputatelacus.edu 1768 Venenatis Rd.
07/03/2021,"Wang Interdum Ltd pede.nonummy.ut@iaculisodio.net P.O. Box 362, 7040 Lectus. St."
11/22/20,Mason Fermentum Fermentum Arcu PC conubia@anteVivamus.edu Ap #807-7133 Pharetra Avenue
04/24/21,Harding Viverra Donec Tempus LLC sapien.cursus.in@pretiumetrutrum.com 836-7170 Augue. Rd.
01/08/2021,Kane Varius Nam Porttitor Associates montes@sociisnatoque.com 6434 Nec St.
01/18/21,Jamal Integer Limited faucibus.ut.nulla@quisturpis.ca Ap #322-9490 Diam. Street
04/05/2021,"Kibo Torquent Limited rutrum.non.hendrerit@arcuNuncmauris.edu P.O. Box 601, 6786 Mauris Street"
05/06/2020,Mira Eleifend Institute id.erat@dapibus.com 784-7913 Luctus Avenue
02/01/2021,"Robert Tincidunt Orci Industries justo.eu@Integer.com P.O. Box 278, 3217 Luctus Av."
07/19/20,"Raymond Amet Consulting ut.nisi@accumsanlaoreet.edu P.O. Box 342, 6882 Felis. Avenue"
09/01/2021,Catherine Et Incorporated lorem.tristique@Aliquameratvolutpat.ca Ap #542-8852 Mauris Street
09/16/21,"Fulton Donec LLC risus.Donec.egestas@vestibulumMaurismagna.com P.O. Box 278, 9878 Sit Av."
01/31/20,Abdul Sem Molestie LLP vehicula.et.rutrum@atlacusQuisque.co.uk Ap #794-1918 Ligula. Ave
10/17/21,"Keefe Pede Limited Phasellus@Integersem.co.uk Ap #541-4672 Augue, Rd."
11/07/2021,"Tate Eu Inc. ligula@ipsumleo.org P.O. Box 958, 9083 Interdum Rd."
01/07/2020,Colleen Tincidunt Nunc Ac Limited nec.cursus@Phasellusliberomauris.ca 406-2627 Ipsum St.
04/27/20,"Rooney Blandit Nam Limited arcu@lobortistellusjusto.net 682-5531 Lorem, Ave"
01/24/20,"Harper Sem Nulla Institute libero@diamProindolor.co.uk P.O. Box 826, 1170 Accumsan Rd."
11/14/20,Alexandra Lorem Consulting sodales@sitametmassa.org 924-3257 Vitae Rd.
11/30/21,"Abbot Ante Bibendum Ullamcorper Ltd purus.mauris.a@posuereat.ca P.O. Box 160, 3521 Auctor Av."
08/14/20,"Jason Quis Diam Luctus Corp. faucibus.orci.luctus@egestasAliquam.edu 807-3490 Non, Street"
05/22/20,"Regan Justo LLP Nunc@semperdui.edu P.O. Box 831, 965 Pellentesque Road"
08/09/2021,Roth Quisque Incorporated nec@lectuspede.com Ap #230-8594 Amet Rd.
04/16/21,Ramona Ipsum Incorporated Morbi.non.sapien@justonecante.edu Ap #569-5261 Et Road
03/28/20,"Tamara Aliquam Nec Associates ligula@semutcursus.net P.O. Box 848, 7040 Ipsum. Ave"
10/31/21,"Robert A Purus Duis Company ad.litora.torquent@maurisaliquam.edu P.O. Box 197, 8723 Eu St."
07/23/21,"Amal Non Incorporated Mauris.magna.Duis@dolor.org P.O. Box 443, 2088 Purus. Rd."
05/27/21,"Rudyard Sed Corp. lacinia.at@etnuncQuisque.org 644-1848 Dui, Av."
01/17/21,Cameron Amet Company odio.Phasellus.at@egetmagna.org 589-6324 Euismod Ave
02/04/2021,"Brenden Turpis Vitae Industries et.magnis@necorciDonec.edu P.O. Box 447, 4745 Velit Ave"
12/14/21,Shellie Quis Pede Suspendisse Incorporated justo.Praesent.luctus@Aliquamrutrum.org Ap #150-6661 Ut Road
11/03/2020,Morgan Blandit Viverra Donec Ltd aliquam.enim.nec@Aenean.co.uk Ap #167-2153 Adipiscing. Road
07/09/2021,Lester Magna Associates purus.gravida@ornareplacerat.edu 628-6397 Dui. Ave
11/06/2021,"Lee Velit Cras Lorem Consulting dapibus.ligula.Aliquam@orcisemeget.edu 8287 Non, St."
06/28/20,"Piper Iaculis Inc. accumsan.laoreet@orciPhasellusdapibus.net P.O. Box 389, 9940 Ac Rd."
05/15/21,Kevyn Non Leo Corporation aliquet@Aliquamgravida.co.uk 7326 Placerat. Road
01/11/2021,Ferris Dictum Eleifend Nunc Incorporated bibendum.fermentum@orciluctus.net Ap #613-7192 Turpis Road
07/03/2021,Kareem Ut Institute Cum.sociis.natoque@Vestibulumanteipsum.edu 4825 In St.
11/05/2020,Camilla Sollicitudin Incorporated dis@Maecenasornare.net 220-2513 Donec Street
07/14/20,Jasmine Eget Volutpat Limited ultrices.Vivamus.rhoncus@necenimNunc.ca 6285 Malesuada. Road
01/28/21,"Imogene Ac Ipsum Corp. et.ultrices.posuere@orci.edu P.O. Box 288, 2034 Adipiscing Road"
10/19/20,Adara Accumsan Sed Foundation in@lobortistellusjusto.edu 5671 Integer St.
09/10/2020,Aretha Ac Metus LLC libero.Proin@Donec.ca 578-5813 Dictum Rd.
09/14/21,"Nelle Sed Molestie Sed Limited dignissim.magna.a@iaculis.edu P.O. Box 322, 5042 Aliquam Street"
08/04/2020,Sybil Nullam Ut Nisi Consulting fermentum.risus.at@lacus.com 7132 Quis Street
03/24/20,Jason Nec Tempus Scelerisque Corp. Aenean.gravida@ametluctus.com 152-3617 Ullamcorper Street
04/13/20,Nehru Aliquam Eu LLP lectus@ornarefacilisis.net 1927 Orci. Road
06/17/21,David Suscipit Est Foundation nunc.nulla@risus.net 9585 Aenean Street
02/14/21,Victor Fringilla Limited nisi@Mauris.edu 6003 Adipiscing St.
08/18/21,"Hector Tincidunt Donec Vitae Consulting dictum.eleifend@quisaccumsanconvallis.org P.O. Box 689, 4241 Quis St."
08/13/20,"Nicole Lobortis Tellus Corp. sit.amet@velitPellentesqueultricies.ca P.O. Box 436, 9318 Natoque Rd."
11/03/2021,Kim Diam LLP sem.semper@tristiqueneque.co.uk 8584 Consectetuer Avenue
05/24/21,Bert Suspendisse Company sem.consequat.nec@tortoratrisus.ca Ap #427-5323 Ipsum Street
03/20/20,Sonia Laoreet Posuere Enim Limited natoque@maurisInteger.net 9313 Elit. St.
08/03/2020,Hilda Velit Quisque Corporation Nunc@nonjustoProin.ca 6299 Sed Road
11/28/21,Tamara Quis Inc. Nunc@Craslorem.edu 3451 Aliquam St.
02/21/21,Amena Laoreet LLC eget.lacus.Mauris@molestie.net Ap #720-3696 Egestas. Rd.
06/21/20,"Keaton Vehicula Risus Nulla Limited aliquet.diam@velitPellentesqueultricies.co.uk P.O. Box 774, 544 Blandit Rd."
08/19/21,"Tyler Sed Est Nunc Associates mauris@ipsumSuspendissesagittis.edu P.O. Box 544, 3457 Sem Rd."
03/03/2020,"Cassidy Ornare Sagittis Corporation blandit.congue.In@nullamagnamalesuada.ca P.O. Box 839, 1985 Enim. Av."
10/24/21,"Sasha Maecenas Ornare Egestas Industries magna.Ut.tincidunt@Vivamuseuismod.net 1230 Odio, St."
05/15/21,"Miranda Rutrum Lorem Associates cursus.purus@dictumeu.org P.O. Box 959, 4223 Hendrerit Avenue"
02/11/2020,"Clark Sed LLP hendrerit@sagittis.co.uk P.O. Box 467, 6504 Montes, Street"
02/16/20,"Todd Commodo Ipsum Suspendisse Corp. vestibulum.Mauris@taciti.co.uk 125-8292 In, Av."
09/06/2020,Dustin Augue Sed LLC nibh@mifringillami.ca Ap #307-5077 Fringilla Avenue
01/15/21,"Aladdin Ac Tellus PC libero.Proin@Nam.com P.O. Box 427, 2635 Nulla Avenue"
03/15/20,Darryl Eget Volutpat Ltd cubilia.Curae.Phasellus@eliterat.net 8416 Egestas St.
10/11/2021,"Christine Ultrices Limited non.sollicitudin.a@Suspendisse.net P.O. Box 505, 7555 Commodo Rd."
12/23/19,Anthony Lorem Auctor PC blandit.Nam@orciadipiscing.co.uk Ap #322-1829 Aliquam St.
07/14/21,"Beau Sociis Natoque Penatibus Corporation Maecenas@vellectusCum.com P.O. Box 293, 1279 Urna. St."
10/05/2021,Amber Nunc PC Nunc@netuset.ca 141-2121 Integer St.
11/01/2020,Abdul Eget Associates ac@arcu.co.uk 6336 Ut Street
12/24/19,"Colton Quis Incorporated erat@ridiculusmusAenean.ca P.O. Box 737, 5550 Nisi Ave"
03/28/21,Noah Commodo Ltd aptent@tinciduntnuncac.edu 390-9577 In Road
11/11/2020,Quinn In Hendrerit PC velit.in@estMauriseu.com 448-3348 Cras Av.
10/14/21,Ali A Corp. non.sapien@malesuada.org 8141 Luctus St.
05/08/2021,"Damian Commodo Ltd faucibus.ut.nulla@quisurnaNunc.co.uk P.O. Box 569, 4251 Varius. Road"
09/16/21,Chaim Placerat Velit Quisque Limited nisi.Cum@neque.net Ap #866-6608 Cum Av.
07/15/21,Benedict Dui Cum PC eleifend@tortor.org Ap #263-9960 Primis Ave
01/26/21,Walker Adipiscing Inc. sit.amet@egetnisidictum.edu Ap #310-3126 Dui Road
09/24/20,"Felix Tellus Suspendisse Company aliquet.metus@Nunc.com P.O. Box 731, 7641 Id, Av."
08/26/20,"Stephanie Arcu Vel Associates vestibulum.lorem.sit@enimmitempor.edu P.O. Box 457, 3583 Nec, Street"
02/16/21,Walker Sollicitudin Commodo Ipsum Company Morbi.neque@nonummy.org Ap #679-2700 Quisque Street
12/03/2021,Zephr Ullamcorper Magna Sed Corporation morbi.tristique@tinciduntnunc.org 199 Aliquam Avenue
07/28/20,"Coby Sem LLC in@ornare.org P.O. Box 318, 7026 Metus. St."
09/03/2021,Blake Arcu LLC diam.nunc@nonsollicitudina.org 409 Interdum Ave
10/21/21,Sydney Fermentum Fermentum PC dui@congueelitsed.co.uk 9591 Phasellus Rd.
07/14/21,Leah Mi Pede Corp. turpis.vitae.purus@semper.co.uk 8403 Nisi. Rd.
12/13/21,Addison Duis Gravida Praesent Incorporated est.congue@magnaaneque.co.uk 1002 Interdum Rd.
03/06/2020,Fulton Lacinia Incorporated quam@malesuadamalesuadaInteger.edu 3190 Amet Street
03/21/21,Lois Maecenas Malesuada Fringilla Corporation orci.lobortis.augue@bibendum.net 1456 Nisi Road
09/25/20,"Serena Sit Amet Limited imperdiet.non.vestibulum@sed.co.uk P.O. Box 649, 4491 Et St."
11/04/2020,"Zahir A Associates suscipit.est@posuere.com P.O. Box 700, 6160 Dictum Road"
04/13/20,Kimberly Lacus Vestibulum Ltd est.Mauris@lectus.edu Ap #466-3487 Pede. Av.
03/26/20,Brian Ultricies Sem Corporation Aliquam.erat.volutpat@dignissimpharetra.co.uk Ap #141-7255 Ligula. Rd.
08/19/20,"Herrod Venenatis Lacus Limited Mauris@risusIn.edu P.O. Box 869, 9208 Ligula. Avenue"
05/12/2020,Dexter Adipiscing Lobortis Risus Inc. ultrices@Nulla.ca Ap #697-5830 A Road
04/21/21,Pearl Habitant Morbi Foundation euismod.est.arcu@Vivamus.net Ap #627-9936 Lacus. St.
08/19/20,Calista Cum Sociis Natoque Associates erat.Vivamus.nisi@tristique.com 4698 Blandit Av.
02/11/2020,Cheyenne Ligula Ltd sed.turpis.nec@Donec.org Ap #579-5301 Conubia St.
12/31/20,"Charles Mollis Inc. quis.turpis@adipiscingnonluctus.ca P.O. Box 887, 5218 In Av."
04/25/20,"Wanda Amet Consulting habitant.morbi.tristique@sempercursus.org P.O. Box 480, 5534 Sed Street"
04/14/21,"Moses Accumsan Interdum Libero Consulting erat.volutpat@aultricies.org P.O. Box 100, 7851 Risus. Street"
01/27/20,Garrison A Consulting orci.lacus.vestibulum@arcuet.net 308-585 In Street
02/24/21,Carson Sagittis Felis Donec Consulting libero@sitamet.edu 557-9310 Sit Road
07/01/2021,Mason Leo Incorporated dis.parturient.montes@auctorveliteget.com 771-4937 Arcu St.
04/20/20,"Regan Mauris Blandit Enim LLP semper.tellus.id@maurisaliquam.ca 306-6254 Laoreet, Street"
03/10/2021,Summer Porta Elit A Associates massa@Utsagittis.ca 646-6049 Arcu Rd.
08/27/21,Wang Dolor Nulla Ltd venenatis.a@sempercursus.edu Ap #827-549 Risus. Ave
02/29/20,"Tanisha Senectus Et Netus Foundation ac.metus@antebibendum.edu P.O. Box 150, 7097 Dolor St."
03/18/20,"Vaughan Nunc Company pellentesque.eget@quis.net 6760 Lorem, Rd."
04/13/20,Odysseus Scelerisque LLC dapibus.quam.quis@Duisdignissim.co.uk 4191 Purus St.
02/27/21,Nathaniel Euismod Est Consulting eros@sed.edu 768-1854 Suspendisse Road
06/25/20,Cameron Nec Tempus Corp. congue.elit.sed@quam.com 4790 Dictum. St.
01/28/20,Len Sed Limited mauris@luctus.net Ap #478-4317 Fames St.
03/27/20,Quemby Ultrices Limited justo.nec.ante@magnaaneque.com 9646 Suspendisse Avenue
12/30/19,Theodore Vitae Erat Vivamus Associates Morbi.non.sapien@pretium.ca Ap #721-1633 Rutrum St.
03/07/2020,Sonya Convallis Industries at.augue.id@nuncestmollis.co.uk 494-8723 Eu St.
03/25/21,"Garth Luctus Aliquet Odio Incorporated et.nunc.Quisque@lectusquis.net 8570 Sed, Street"
06/16/20,Elizabeth Tellus Non Corporation suscipit@nisi.co.uk Ap #630-4999 Integer St.
01/29/20,Buckminster Pharetra Sed Corporation iaculis.lacus.pede@convallisdolorQuisque.co.uk 7766 Cras Avenue
03/13/21,"Armand Facilisi Corporation lobortis@orciUtsemper.org 795-7804 In, St."
11/08/2020,"Tarik Fringilla Cursus Purus Inc. Donec.dignissim@sed.net P.O. Box 934, 6911 Bibendum Rd."
04/01/2021,"Fritz Vel Est Tempor Industries aliquam.iaculis@velitAliquamnisl.edu P.O. Box 226, 4979 Velit. Rd."
03/28/20,"Levi Et Risus LLP ultrices.posuere@nec.ca P.O. Box 171, 6867 Elit. Road"
08/25/20,Asher Cras LLP nisi.nibh.lacinia@Maecenas.edu 153-2691 Congue St.
05/14/20,"Perry Egestas A Corporation Aliquam.fringilla@metussitamet.ca P.O. Box 891, 7412 Velit. Road"
02/24/21,Callie Quis Tristique Ac Institute ultricies@imperdietornareIn.org 138-7914 Nisi Road
05/13/21,Aidan Ultrices Duis Volutpat Foundation enim.Etiam@dolorFuscemi.org 366-9379 Curabitur Rd.
05/21/21,Jorden Praesent Corporation sapien.Cras.dolor@nonenim.net 206-9687 Nunc St.
12/12/2021,Octavius Est Incorporated Suspendisse.aliquet@Integer.net 820-1273 Molestie St.
11/02/2021,Sybill Ultricies Sem Magna Foundation sit@Quisquetincidunt.co.uk 101-4202 Ultrices Avenue
04/12/2020,Leilani Vulputate Ullamcorper LLC vel@est.ca Ap #383-7772 Feugiat Road
06/01/2020,Zane Id Incorporated Mauris@Suspendisseacmetus.ca Ap #443-7927 Lobortis St.
08/04/2020,"Orson Sem Ut Dolor Industries lacinia.orci.consectetuer@ametdapibus.ca P.O. Box 571, 1965 Ipsum Rd."
01/08/2021,Joan Ullamcorper Viverra Maecenas LLP Donec.egestas@estarcu.ca 2036 Arcu. Avenue
03/17/21,Adele Pretium LLP Nullam@idlibero.org 677-951 Lectus Road
07/11/2020,Walter Suspendisse Industries odio.Nam@velitegestaslacinia.ca 7644 Congue Street
02/27/20,Akeem Quis Tristique Associates neque@odio.ca 9771 Etiam Ave
03/25/21,"Gabriel Magna Foundation ultricies.ornare@pellentesque.org P.O. Box 963, 3455 Per Street"
09/10/2021,Karen Aliquam Gravida Mauris Associates vulputate.velit.eu@elitEtiamlaoreet.edu Ap #781-9550 Non Ave
09/05/2020,Cassidy Mauris Non Dui Ltd a@orciluctus.edu Ap #240-8963 Sociis St.
04/18/20,"Bruno Amet Corp. libero@famesac.org P.O. Box 182, 4626 Imperdiet, Ave"
08/01/2021,"Cassady Magnis Limited facilisis.magna@lectusjustoeu.com P.O. Box 475, 6477 Faucibus Road"
08/21/20,Thor Posuere Cubilia Curae Corporation Quisque.ornare.tortor@Fusce.com Ap #981-4588 Mattis. Avenue
05/15/21,"Hilary Id Blandit At Company facilisis.Suspendisse@idblanditat.net P.O. Box 105, 4327 Non Ave"
02/14/20,Anthony Nulla At Inc. elit@variusorci.net 4985 Enim. St.
02/04/2020,Jason Lacinia Sed Associates vitae@vel.edu 2677 Fermentum Rd.
08/28/21,Georgia Aenean Egestas Hendrerit Inc. eu@gravidamauris.edu 5524 Amet St.
01/21/21,Lael In Scelerisque Corp. eu@Phasellusdapibusquam.co.uk 414-541 Sem St.
04/09/2020,"Grady Non Company gravida.molestie@elit.edu Ap #849-3934 Non, Avenue"
04/29/20,Scarlett Ante Blandit PC lacus.Mauris.non@dictum.com Ap #944-3576 Risus. Rd.
07/12/2020,Serina Enim Curabitur Massa LLP cursus.et@magnaLoremipsum.com Ap #157-5437 Tempor Ave
09/30/20,Jack Dui Limited pellentesque.a.facilisis@ullamcorpereu.org 310 Ipsum Road
06/28/21,Shafira Augue Eu Tempor Institute augue@fermentum.edu Ap #390-2155 Iaculis Ave
03/23/20,"Hammett Lacus Vestibulum Foundation ac.mattis.semper@velit.org P.O. Box 685, 8097 Nunc Ave"
01/09/2020,Blythe Ipsum Sodales Industries Phasellus.dapibus@iaculislacus.org 2257 Hendrerit Road
01/09/2021,Dale Magna Praesent Interdum Inc. nec@consectetuercursus.co.uk 273-658 Ligula Road
09/03/2020,"Dahlia Metus Corp. metus.Aenean@iaculisodio.com P.O. Box 695, 3029 Imperdiet Av."
02/27/21,Aristotle Sed Institute dis.parturient@estmauris.co.uk Ap #193-3169 Dui St.
12/21/19,Lani Sit LLC quam@eget.com 7568 A Ave
04/27/20,"Fay Arcu Institute eget.metus@malesuadavel.ca Ap #707-9831 Dolor, Road"
01/08/2020,Colorado Pharetra PC Integer.eu.lacus@aliquameros.ca 9700 Neque. Rd.
06/19/21,Jana Consectetuer Ipsum Nunc Inc. non.dapibus.rutrum@elitpretium.com 846-108 Nisl Ave
11/03/2021,"Demetria Est LLC non.nisi@nostraperinceptos.co.uk P.O. Box 692, 2116 Cubilia Av."
12/10/2021,Colby Magnis Dis Parturient LLP ac@Curabiturvel.ca 478-9947 Vulputate Rd.
12/04/2021,Wylie Urna Ut Tincidunt Foundation Morbi@tellusNunclectus.co.uk Ap #683-2044 Aliquam Av.
11/29/21,Uriah Arcu Sed Industries condimentum@ametnulla.co.uk 5330 Eu Ave
05/01/2021,"Clementine Lacinia Inc. ut.cursus@risus.com 280-3765 Tincidunt, Street"
06/28/20,Rafael Eleifend Cras Company vel.nisl.Quisque@eueros.ca 810-177 Sodales Street
06/29/21,Elijah Velit Institute rhoncus.Donec.est@diam.edu Ap #201-4589 Lobortis Rd.
09/25/20,"Lionel Taciti Sociosqu Foundation aptent.taciti.sociosqu@Suspendisse.com 9759 Est, St."
09/26/21,"Boris Egestas A Foundation in.cursus.et@adipiscinglobortisrisus.edu P.O. Box 616, 598 Vitae St."
05/28/20,Jason Sem Vitae Industries Donec.nibh.Quisque@nislelementum.org 714-8456 Aliquam St.
02/16/21,Iris At Iaculis Quis Incorporated Fusce.dolor@ultrices.com Ap #503-7472 Egestas. Rd.
04/16/20,"Colton Mauris Sapien Cursus LLP justo@Sedauctor.ca P.O. Box 126, 953 Massa. Rd."
03/21/21,"Basil Integer In Magna Limited nec.eleifend.non@eratvolutpatNulla.net P.O. Box 235, 5212 Dolor. Street"
10/28/21,"Ariana Egestas Consulting egestas.Sed@AliquamnislNulla.ca Ap #597-7861 Eget, Street"
01/14/20,"Asher Non Company ac.ipsum@Phasellusfermentumconvallis.org Ap #981-4932 Et, Rd."
11/25/20,Clarke Gravida Consulting pede@metusfacilisislorem.org Ap #183-7421 Pharetra. Avenue
07/29/20,Jolene Dolor LLC sodales@infaucibusorci.net 5873 Nibh. Street
02/20/21,"Irene Nam Ac Nulla Consulting malesuada.malesuada@orcisem.edu Ap #602-5247 Leo, Ave"
08/07/2020,Reuben Mauris Suspendisse Aliquet Consulting non.arcu.Vivamus@justoeuarcu.com 315-6463 Ridiculus Ave
11/04/2020,Xena Libero Inc. ornare.facilisis.eget@Suspendissealiquetsem.co.uk Ap #600-2496 Consequat Av.
11/09/2020,Aileen Elit Etiam Laoreet Corp. Vivamus.sit.amet@malesuadamalesuada.co.uk 881-1688 Sed St.
06/25/20,Aspen Mollis Duis LLP commodo.auctor@egetmagna.org Ap #329-2054 Pede St.
10/25/20,"Clayton Libero Proin Consulting iaculis@ut.org P.O. Box 351, 8200 Elit. Ave"
02/23/21,"Teegan Molestie Pharetra Corporation fringilla@SuspendisseeleifendCras.org P.O. Box 476, 6004 Mi. St."
02/07/2020,"Elvis Sed Industries elit@enimCurabiturmassa.com P.O. Box 133, 3283 Sapien Rd."
11/25/21,"Dane Felis Incorporated a@Nam.edu 5615 In, Av."
05/14/20,Alexa Odio Sagittis Corporation elementum.lorem@elementumdui.co.uk Ap #758-8739 Nunc Av.
12/12/2021,"Brynne Magnis Dis Parturient Consulting sem.eget.massa@odiotristique.ca P.O. Box 453, 4846 Etiam Avenue"
10/17/20,"Baxter Hendrerit Id LLP vel.vulputate@vitae.ca P.O. Box 982, 8520 Lacus. Rd."
09/08/2020,Jasmine Morbi Vehicula Limited amet@Aliquamtinciduntnunc.edu Ap #974-1731 Tellus. St.
05/12/2020,Risa Aenean Eget Metus Ltd lorem.ipsum.sodales@rutrumnonhendrerit.edu 6953 Adipiscing Ave
03/12/2021,Lee Pellentesque Company odio.tristique.pharetra@Sed.com Ap #935-9947 Morbi Av.
03/20/20,"Emerson Ut Nisi Corp. mattis.Integer@orcisem.net P.O. Box 508, 4702 Egestas. St."
03/18/20,Nell Vivamus Associates ante.blandit@consectetuer.ca 1974 Eu Ave
09/13/21,Octavius Netus LLC nec.urna.suscipit@elit.ca 139-2812 Cubilia Av.
08/30/21,"Rafael Tellus Industries pede.et@Morbiquisurna.edu Ap #217-472 Amet, Road"
01/27/20,Dara Et Rutrum LLC Duis@augue.net 851-4954 Cursus. Ave
05/29/21,"Lydia Mi LLP id.risus@magnatellus.edu P.O. Box 306, 6478 Non, Rd."
04/15/21,"Amelia Malesuada Id Erat Incorporated Nunc.sed.orci@atpedeCras.com P.O. Box 817, 3770 Magna. Road"
04/05/2021,"Bevis Lacinia Ltd aliquet.molestie.tellus@magnamalesuada.com P.O. Box 708, 9075 Felis St."
02/04/2020,"Grady Orci Adipiscing Company porttitor@MaurismagnaDuis.com P.O. Box 707, 4699 Tellus Ave"
03/14/21,Xantha Nisi Mauris Nulla LLC Aenean@egetlacusMauris.com 8359 Ridiculus Avenue
03/30/20,"Alexander Ipsum Dolor Sit Consulting mus.Aenean.eget@tortordictumeu.net P.O. Box 101, 7166 Mauris Av."
08/03/2020,"Sopoline Leo Elementum Incorporated lorem.ac.risus@Nullamutnisi.net Ap #157-1758 Sem, St."
07/20/20,Fredericka Urna Convallis Erat Company venenatis.vel@Fusce.ca 6389 Velit. Avenue
03/28/21,"Driscoll Euismod Enim Company lorem@nibhvulputate.org P.O. Box 418, 3874 Suspendisse Av."
11/19/20,Abraham Sed Associates gravida.Aliquam@Suspendisseseddolor.com 9687 Egestas Avenue
11/09/2020,"Minerva Sit Amet Ornare Inc. elit.dictum@elitpharetra.ca P.O. Box 967, 5547 Dignissim. St."
12/09/2020,Hyacinth Semper Industries nulla@Aenean.com 4076 Auctor Rd.
12/03/2020,Brenna Consectetuer Foundation arcu@Quisquetinciduntpede.net 4966 Magna. St.
02/19/20,Venus Malesuada Augue Ut Corporation conubia.nostra.per@acipsum.com Ap #423-2128 Eget Avenue
09/20/21,Kameko Cras Corporation justo@bibendum.net 559-5670 Phasellus Rd.
05/05/2021,Janna Imperdiet Erat Corporation velit.eu.sem@augueSed.co.uk 765-4034 Duis Street
09/04/2020,Hop Cras LLP dui.quis@ultricesDuisvolutpat.com 8127 Scelerisque St.
12/28/20,"Maisie Ante Blandit Institute vitae.aliquam@ligula.org 542-9607 Leo, Avenue"
09/05/2021,Tate Augue PC est@Suspendisse.org 377-5445 Dui Rd.
04/15/20,Ava Orci Sem Eget Foundation Mauris.vestibulum@esttemporbibendum.net Ap #179-2569 Etiam Av.
04/03/2020,Mechelle Tristique Pellentesque Tellus Industries consectetuer@Maecenasmifelis.com Ap #378-998 Nisl Ave
07/31/20,"Simon Sed Institute nibh.Phasellus@posuerecubiliaCurae.ca P.O. Box 181, 1315 Vulputate, Ave"
01/17/20,Cade Ut Company nec@nunc.org 833-5368 Suspendisse Street
09/13/21,August Semper Rutrum LLC tempus@semperauctorMauris.com Ap #135-1891 Ligula. Ave
09/27/20,Amy Ipsum Primis In Limited Integer@sagittissemperNam.com 7803 Integer Avenue
06/23/21,"Victor Rhoncus Donec Est Consulting tempor@Nullafacilisis.org P.O. Box 760, 4978 Mollis. Rd."
01/26/21,Jenna Sagittis LLC turpis@ut.com 6574 Nullam Av.
12/24/20,Danielle Sit Amet Industries non.quam@velnislQuisque.ca 830-291 Cras Road
12/17/20,Jacob Imperdiet Erat Incorporated urna@eratnonummy.ca 665-277 Nec Avenue
04/03/2020,"Farrah Pharetra Sed Foundation augue.ac@euenim.co.uk 552-382 Elementum, St."
04/27/20,Rajah Malesuada Inc. vitae.dolor@etmagnisdis.co.uk Ap #615-7080 Purus Av.
09/22/20,"Genevieve Elementum Purus Accumsan Incorporated ultrices.iaculis.odio@antedictum.co.uk P.O. Box 555, 8975 Auctor St."
12/18/20,"Mannix Quisque Porttitor Eros Industries mauris.ut.mi@ac.edu P.O. Box 836, 8264 Orci, Rd."
09/25/20,Guy Ultricies Adipiscing Enim Ltd Quisque.nonummy@ascelerisque.net 8705 Vel St.
01/13/20,"Hunter Nonummy Ac Feugiat Ltd lacus.Mauris.non@malesuadavel.com P.O. Box 188, 5201 Nec Rd."
05/29/20,"Orli Bibendum Ullamcorper Corp. dignissim.pharetra@imperdiet.co.uk 5784 A, Street"
12/25/19,Camilla Fermentum Corp. amet@non.co.uk 6256 Quam Street
04/09/2021,Wynne Nullam LLP est.tempor@ipsumprimis.co.uk Ap #697-8430 Velit. Rd.
10/20/21,"Fletcher Id Ltd est.ac@Aliquam.ca P.O. Box 907, 9728 Sociosqu Ave"
08/06/2020,Kylee Luctus PC Sed.auctor@mollisdui.org Ap #690-9231 Dapibus Road
09/16/21,"Branden Diam Eu Dolor Limited non.massa.non@sociisnatoquepenatibus.co.uk 9004 Est, Rd."
12/08/2020,Martha Amet Ornare Lectus Limited gravida.sit@PhasellusornareFusce.org 796-8427 Tempus Rd.
07/12/2020,Kennan Volutpat LLC Morbi@Proin.ca Ap #174-8717 Curabitur Avenue
04/02/2021,Tate Mauris Incorporated justo.nec.ante@bibendum.com 574-7693 Mollis Ave
10/31/21,Emi Eleifend Egestas Company lorem@velitPellentesqueultricies.net Ap #405-470 Ac Road
12/20/19,"Joshua Sed Nunc LLP facilisis.vitae@natoquepenatibus.edu P.O. Box 338, 9649 Mauris Street"
08/20/21,Derek Diam Eu Company ullamcorper.Duis@velitegetlaoreet.ca Ap #706-7151 Orci St.
05/27/21,Alice Duis Cursus Diam LLC ante.blandit.viverra@consequat.co.uk 134-4175 Vestibulum. Ave
11/23/20,"Travis Sit Industries adipiscing@adipiscing.ca P.O. Box 539, 5931 Fringilla St."
08/11/2021,"Macey Auctor Odio A Limited tincidunt@faucibusorciluctus.co.uk 5127 Pede, Rd."
09/20/20,"Leah Dui Semper Associates libero.Proin@mauris.com P.O. Box 845, 6134 Ultricies St."
05/25/21,Harlan Nullam Feugiat Consulting mauris.id@elitpretiumet.net 687-2040 Eget Rd.
05/23/20,Maxwell Sapien Cras Incorporated Aliquam@necanteMaecenas.edu Ap #226-5544 Donec Rd.
05/02/2021,"Levi Ut Corporation pede.Cum.sociis@Aliquamfringilla.net P.O. Box 490, 6627 Eu Street"
08/31/20,Harper Eu Ultrices Associates ante@at.edu 2228 Integer St.
07/29/20,Leandra Turpis Egestas PC in.faucibus.orci@arcu.edu 645-9500 Ut Road
11/27/20,"Zachery Nibh Phasellus Institute nibh.Donec@Quisque.co.uk P.O. Box 439, 3951 Luctus St."
03/06/2020,"Signe Lorem Institute interdum.Curabitur@volutpat.org P.O. Box 157, 9336 Aliquet Road"
05/21/20,Nadine Lacinia Orci Inc. mus.Proin.vel@Aeneanegetmetus.com 6145 Bibendum. Rd.
03/21/21,"Zeus Risus Quisque Libero Associates sodales@porttitorvulputate.edu P.O. Box 140, 8360 Purus Street"
01/21/21,Elliott Pede Praesent Eu Corp. justo@malesuadamalesuadaInteger.co.uk Ap #457-4111 Purus St.
12/22/20,Bernard Metus Aliquam Consulting nec.eleifend.non@loremac.ca Ap #485-4065 Erat St.
04/25/20,"Marah Arcu Sed Institute porttitor.interdum.Sed@vulputatelacus.com Ap #760-7279 Eu, St."
06/16/21,Eden Vitae Erat Vivamus LLC in.sodales.elit@ullamcorpernisl.edu 7507 Non Ave
09/24/21,Flynn Rhoncus Proin LLP nonummy@quispedePraesent.edu 896-536 Egestas St.
02/19/20,Rafael Pede Nonummy Ut Company Donec.feugiat.metus@sitamet.co.uk 255-9150 Sociosqu Rd.
05/22/21,"Raja Nunc Sed PC cursus@Donecvitaeerat.ca P.O. Box 273, 4033 Nulla. Street"
09/01/2020,"Nelle Vehicula Aliquet Libero LLP Ut.tincidunt.vehicula@convallisantelectus.net P.O. Box 481, 5193 Ligula. Rd."
05/15/20,Burke Enim Mauris Quis Institute Aenean.massa.Integer@pellentesqueegetdictum.net 208-1475 Pede Ave
06/07/2021,Matthew Libero Donec Corp. Aenean.egestas.hendrerit@egestasAliquam.ca 632 Ipsum Rd.
02/18/20,Harriet Mattis Integer Eu Corporation commodo@risusNunc.edu 6238 Nec Street
08/06/2021,"Ethan Ac Turpis Egestas Corporation odio@nibhdolor.org P.O. Box 447, 5755 Tellus St."
02/25/20,Coby Orci Tincidunt Incorporated sagittis.felis@semperrutrum.co.uk 729-7547 Cras Road
10/16/20,Callum Odio Vel Consulting pharetra@necurnasuscipit.ca Ap #818-4791 Arcu. Av.
05/03/2021,"Cyrus Lobortis Quam A Limited sed.sapien@idante.edu P.O. Box 358, 9789 Morbi Rd."
04/16/21,Ethan Cum Sociis Foundation eu@atnisi.co.uk 3124 Vestibulum St.
05/29/21,Lareina Purus Ac Tellus Incorporated sodales.Mauris.blandit@mattissemperdui.edu 5216 Adipiscing Ave
06/17/20,Pascale Blandit Company arcu.et@torquent.org 7554 Tortor. Road
10/27/20,Omar Faucibus Orci Corporation risus.varius@loremtristique.net 4446 Mattis Av.
08/03/2020,"Jamal Et Eros Company pede.Praesent.eu@at.edu P.O. Box 224, 8254 Facilisi. Ave"
03/12/2021,"Nolan Tellus Eu Augue Ltd et.risus@lacus.co.uk P.O. Box 388, 7180 Faucibus Street"
05/01/2021,Jarrod Quisque Varius Institute Nunc@imperdiet.org Ap #505-2269 Suspendisse Rd.
08/14/20,"Dane Tincidunt Pede Ac Incorporated dignissim.tempor@Donecsollicitudin.edu P.O. Box 228, 9318 Ullamcorper, Road"
09/21/20,"Patricia Netus Limited est.ac.mattis@NullamnislMaecenas.edu P.O. Box 449, 5612 Suspendisse Avenue"
07/19/20,Iliana In Inc. cursus.luctus@Proindolor.com 302-4928 Vitae St.
12/01/2021,Troy Enim Etiam Foundation Curabitur.dictum@Donecelementum.ca 514-4924 Mollis. Rd.
11/27/20,Tyrone Ante Lectus Corp. gravida.Aliquam.tincidunt@laciniamattisInteger.net Ap #559-4012 Purus Ave
02/19/20,"Jade Pede Ultrices Institute dui.Suspendisse.ac@Sed.ca P.O. Box 611, 4164 Tristique Ave"
03/23/20,Whitney Mi Pede Nonummy Ltd ac.nulla.In@vestibulum.org 131-3963 Feugiat Street
09/12/2021,Samson Elementum Purus Accumsan LLC magna.et.ipsum@feugiatLorem.edu 2256 Nulla St.
08/29/20,Julian Integer Industries tristique@Etiamvestibulummassa.net 682-1930 Nec Rd.
08/21/20,Thane Lectus Quis Massa Industries Donec@Morbi.edu 148-5889 Rutrum Street
11/09/2020,Charity Id Nunc Company velit.in.aliquet@risusInmi.ca 593-3760 Faucibus Rd.
11/27/21,Xerxes At Limited aliquet@ipsumcursus.com 458-3245 Iaculis St.
12/09/2021,"Chase Donec Egestas Duis LLC convallis.convallis@vitaevelitegestas.net 5173 Dui, Rd."
09/04/2020,Cyrus In Tempus Eu Consulting Nulla.eu@malesuadaiderat.ca 833-9137 Dictum Rd.
05/29/20,Noble Conubia Nostra Incorporated convallis@lectuspede.net 7807 Ut Street
12/19/19,"Scott Pretium Aliquet Metus Consulting consectetuer@sociisnatoque.net Ap #763-2415 Nec, St."
05/31/20,Portia Tempor Bibendum Donec Inc. lorem@pretium.co.uk 437-9092 Felis Rd.
11/13/20,Virginia Ac Turpis LLP vestibulum.nec@Nunc.org Ap #922-1624 Et Ave
10/30/20,Haley Id Ante Nunc Limited auctor.ullamcorper@Aeneaneget.com 145-1580 Malesuada. Ave
11/20/20,"Francesca Aliquam Gravida Mauris Consulting habitant@loremfringillaornare.net P.O. Box 758, 3861 Litora Avenue"
10/19/20,"Malcolm Consequat Industries Mauris.vel@massaQuisqueporttitor.edu P.O. Box 428, 8972 Ac Rd."
01/17/20,"Brent Ante LLP dis.parturient@adipiscing.edu P.O. Box 702, 6354 Molestie Ave"
06/28/20,"Xantha Et Magnis Dis Ltd erat.Etiam.vestibulum@luctus.com P.O. Box 937, 6312 Sem Avenue"
05/24/20,Tucker Et Magnis Industries pede@dolor.net 698-8385 Non Av.
01/03/2021,Cassandra Consectetuer Incorporated adipiscing.elit.Etiam@egestas.org 3026 Parturient Av.
10/24/20,Vance Dis Parturient Ltd justo.sit.amet@eu.net Ap #827-882 Parturient Ave
10/08/2020,Cedric Suscipit Corp. eget@Suspendissecommodo.com 3893 A Road
05/19/21,Samson Mauris Sagittis Placerat Corp. quis.urna@auctornuncnulla.co.uk 896-7613 Sociis Street
01/12/2020,Jenna Sem Incorporated est.ac@montesnascetur.org 2939 Mauris St.
05/01/2021,Lilah Adipiscing Elit Limited ipsum.Suspendisse@quam.co.uk 356-8595 Metus. St.
05/23/21,Ifeoma In Ltd natoque@ultricesVivamus.org Ap #296-6241 Mi St.
01/20/20,"Quincy Gravida Aliquam Industries Proin.vel.nisl@sed.com P.O. Box 769, 9294 Tincidunt, Street"
03/25/21,Wendy Semper LLP quis.turpis@ipsum.co.uk 894-3700 Egestas. Av.
10/21/20,"Mikayla Eu Industries et.magna.Praesent@cursus.org P.O. Box 140, 6370 Aliquam St."
09/09/2020,Clare Vitae Orci Phasellus PC ante.dictum@lacinia.com 5509 Eget Av.
10/15/20,Reese Morbi Tristique Associates Aenean@mollis.edu 1433 Dis St.
02/13/20,Warren Neque Nullam Incorporated dolor@ipsumprimisin.ca 7290 Libero Rd.
10/13/20,Nasim Duis Sit Amet Company iaculis.lacus.pede@pedemalesuadavel.edu Ap #833-5050 Nam Rd.
04/23/20,Marshall Mauris Id Inc. iaculis.quis@nisi.co.uk 231 Aliquet Ave
02/21/20,Raphael Nunc Incorporated auctor@nunc.com 418-7750 Arcu. Rd.
11/03/2021,Rudyard In Condimentum Foundation Nunc.sed@egetdictumplacerat.ca 2678 Cursus. St.
12/21/20,Ina Gravida Sagittis Duis PC vitae.erat.Vivamus@dolorDonecfringilla.com 1406 Libero St.
10/20/21,Britanni Lacus Corp. et@morbitristique.edu 1097 Hendrerit Street
01/13/21,Yeo Dignissim Consulting ante.dictum@Cras.net Ap #507-4934 Nisl Rd.
03/25/21,Deborah Molestie Tortor Foundation parturient.montes.nascetur@lectus.ca Ap #675-7410 Nec Av.
12/24/20,"Noble Sodales Purus Company tellus.sem@Vestibulumante.net 6398 Elit, Av."
05/20/21,Peter Auctor Company Praesent@estMauriseu.co.uk Ap #307-3266 Ipsum Avenue
09/01/2020,Benjamin Lorem Auctor Quis Company a.aliquet@Lorem.net Ap #579-1101 Accumsan Av.
04/30/20,Oscar Sociis Natoque Associates nonummy@Etiamvestibulum.ca 7874 Sollicitudin Rd.
01/22/21,Forrest Nisi Sem Industries pellentesque.massa.lobortis@est.org 4074 Vel Street
10/02/2020,"Alika Molestie Sed Inc. ut.sem@atrisus.com P.O. Box 608, 1291 Eget, Rd."
04/10/2021,Carlos Mauris Morbi Non Ltd luctus.ut.pellentesque@malesuada.org Ap #351-6455 Tellus. Road
12/13/20,Clayton In Aliquet Lobortis Corporation sem.Pellentesque@lacus.org Ap #824-9863 Vitae St.
06/05/2020,"Guy A Malesuada Corp. posuere.vulputate@consectetuercursus.com P.O. Box 394, 5737 Suspendisse Av."
07/10/2020,"Gregory Nec Associates pede.Praesent.eu@vitae.ca P.O. Box 617, 891 Feugiat St."
03/17/21,Lunea Feugiat Lorem Incorporated lobortis.tellus@arcu.net Ap #194-5690 Vitae St.
10/11/2021,Chester Vestibulum Institute placerat.orci.lacus@euarcu.com 476-2590 Quis Avenue
10/27/21,Kyla Libero Proin Sed Limited hendrerit.neque@Donecnibh.co.uk Ap #996-1469 Commodo Rd.
04/23/20,Martha Malesuada Company dignissim.pharetra.Nam@DonecestNunc.org Ap #142-7499 Elementum Av.
01/01/2020,Unity Sit Amet Institute egestas.Aliquam.fringilla@Phasellusdolorelit.net Ap #923-2977 Nisi Av.
11/04/2020,"Constance Turpis Company dolor.dapibus@cursusNuncmauris.com 488-9544 Elit, Av."
03/10/2021,Ciara Molestie LLC ut@quamvelsapien.com Ap #255-2855 Aenean Street
11/14/20,Ethan Eros PC elit.Aliquam.auctor@euismod.com 936-606 Vitae Road
03/30/20,Alika Morbi Ltd Cras@Aeneangravida.net 9950 Etiam Rd.
04/22/21,"Eugenia Fusce Mollis Duis Incorporated porttitor@aliquam.net P.O. Box 546, 8128 Dictum St."
01/08/2021,Bevis Erat Eget Tincidunt Institute laoreet.ipsum.Curabitur@interdumlibero.edu Ap #271-3501 In Av.
10/27/20,"Beverly Primis In Foundation non.luctus.sit@nonleoVivamus.ca 676 Elit, St."
02/19/20,Elliott Dictum Sapien LLC leo.Cras.vehicula@velmaurisInteger.co.uk 2645 Nibh Ave
02/06/2020,Ainsley Scelerisque Associates id@Sedmolestie.org Ap #123-8890 Tortor. St.
08/22/20,Randall Lorem Ipsum Sodales Limited ante@acmattis.com Ap #751-9591 Metus. St.
04/02/2021,"Sheila Sem Egestas Blandit LLP lectus.pede.et@Curabituregestas.net 3794 A, St."
12/26/19,Ronan Placerat Orci Associates consectetuer@auctorMaurisvel.co.uk 6231 Vivamus Av.
08/18/21,Fletcher Lobortis Nisi Ltd sollicitudin@risusMorbi.com Ap #633-8967 A St.
01/25/20,"Elizabeth Tempor Corp. amet.risus.Donec@Duisdignissimtempor.net P.O. Box 966, 3010 Erat. Av."
05/19/21,Adara Vivamus Corporation ornare@ipsum.com 7212 Lobortis Av.
07/10/2020,Libby Laoreet LLP euismod.mauris.eu@Inmi.org Ap #315-9826 Mauris St.
04/16/21,Derek Fusce Diam Inc. tristique.ac.eleifend@Seddiamlorem.com Ap #720-4858 Elementum Road
06/24/20,Daniel Senectus Et Netus LLP in@quisdiamPellentesque.org 4607 Odio Rd.
08/28/20,Stewart Lorem Eu LLP nibh@famesacturpis.net 932-9078 Mauris. Avenue
09/18/20,"Brady Imperdiet Industries Donec.vitae.erat@Aenean.co.uk 602-6016 Pede, St."
10/16/20,Price Malesuada Fames Limited ac.nulla@lobortisClassaptent.edu 945-6789 Nam St.
09/25/21,"Grady Nullam Enim Sed Incorporated euismod.urna@vitae.com P.O. Box 137, 9893 Odio. Street"
04/12/2020,Xyla Est Mauris Eu Foundation id.sapien.Cras@tellusimperdietnon.co.uk Ap #746-2050 Nunc Ave
03/03/2021,"Eleanor Tempus Mauris Incorporated pede.Praesent.eu@vitaepurus.edu P.O. Box 646, 5962 Non Road"
12/27/20,"Giacomo Arcu Eu Institute mauris.Integer.sem@enim.co.uk P.O. Box 735, 3906 Tempor Street"
06/11/2020,Murphy Adipiscing Corporation semper.Nam.tempor@egestasadui.ca Ap #239-5637 In Street
05/27/21,"Joan Placerat Inc. nostra.per.inceptos@Donectempuslorem.org P.O. Box 988, 1876 Duis Road"
08/25/20,Alfreda Aenean Massa Integer Institute sociis.natoque.penatibus@dapibusligula.net Ap #704-2410 Etiam Ave
01/15/21,Tad Donec Tempus Corporation lacus.Quisque@velitPellentesqueultricies.com 946-3196 Ut Rd.
07/04/2021,"Hiram Cursus A Foundation egestas.rhoncus.Proin@quisurna.co.uk P.O. Box 439, 7346 Vivamus Ave"
12/20/20,Aimee Eu PC egestas@cursuspurusNullam.com Ap #547-5500 Ullamcorper. Av.
12/30/20,"Alfonso Imperdiet PC nisi.sem@Aeneanegestas.edu 653-969 Et, Rd."
07/08/2021,Azalia Erat Vel Pede Ltd Proin.ultrices@auguemalesuada.com Ap #794-4296 Quis Avenue
04/22/21,"April Velit Sed Corp. interdum.ligula@molestieSed.com 829-5416 Felis, Rd."
05/12/2020,"Paula Suspendisse Aliquet Corporation felis@pedeacurna.com 6840 Vel, Ave"
11/16/21,"Quinn Metus Eu Erat Limited consectetuer.adipiscing@scelerisque.ca P.O. Box 401, 9238 Ac Av."
04/15/20,"Walker Felis Incorporated Sed@Donec.net P.O. Box 111, 7770 Commodo Av."
12/03/2020,"Cruz Netus Et PC erat@Maurismolestiepharetra.net P.O. Box 506, 1437 Nibh. Road"
04/20/20,"Catherine Convallis Est Inc. Cum.sociis@turpisnecmauris.co.uk P.O. Box 122, 8924 Aliquam Street"
03/09/2021,Jason Egestas Lacinia Sed LLC Donec.tempor.est@a.com 352-1536 Malesuada Rd.
12/04/2021,Joseph Purus Duis Elementum Ltd eros.Nam.consequat@amet.ca 280-8964 Dui. Street
05/10/2020,Hope Nunc Corporation Sed.dictum@tempuseuligula.co.uk Ap #124-9980 Fringilla Av.
10/30/21,Signe Purus Mauris Associates ut.aliquam.iaculis@eutempor.org 2762 Elit. Rd.
04/14/20,Malachi Sem Molestie Sodales Inc. enim@etnunc.co.uk 6177 Sed Av.
09/02/2021,Marcia Dolor Fusce Mi Consulting risus.Nulla.eget@sodales.co.uk 834-2491 Risus. Avenue
07/04/2021,Bruce Dictum Eu Eleifend Industries turpis.In@fringillaestMauris.org 650-2333 Odio Av.
04/10/2021,Steel Ligula Nullam LLC tempor.erat@dignissimlacusAliquam.com 348-5406 Et Rd.
03/28/21,Tate Porttitor Industries dolor.nonummy.ac@Maurisblandit.net Ap #675-3823 Molestie Road
07/14/20,"Yoko Eu Inc. metus.In@necurna.net P.O. Box 478, 8232 Tempor, St."
06/04/2021,Amanda Sem Limited nec.urna@penatibus.com 8984 Arcu. Street
02/09/2020,"Joy Eu Inc. consectetuer.euismod@enim.com P.O. Box 940, 1486 Mauris Avenue"
06/14/20,"Vernon Curae Donec Tincidunt LLP Donec.luctus.aliquet@ideratEtiam.ca P.O. Box 695, 2842 Arcu. St."
01/30/20,Rooney Euismod Urna Corp. convallis.est@duiFuscediam.co.uk 503-4564 Condimentum Rd.
10/10/2021,"Yvette Lacus Quisque Purus Limited Suspendisse.ac.metus@a.edu P.O. Box 587, 2155 Luctus Avenue"
03/15/20,"Uriah Vel Faucibus Id Ltd est@Donecnibhenim.com P.O. Box 615, 3929 Convallis, Street"
12/18/20,Timothy Dui Inc. Mauris.vestibulum.neque@non.co.uk Ap #639-4697 Scelerisque St.
09/04/2020,Madeson Torquent Per Conubia Institute vulputate.nisi.sem@lobortistellusjusto.org 8148 Taciti Ave
09/30/21,Adara Enim Gravida Corporation dolor.Fusce.mi@egetmagna.org 3136 Tempor Road
03/22/20,Gregory Id Incorporated mi@Sedeget.com 807-3885 Tempor Road
03/04/2020,"Plato Vel Est Tempor Associates et@augueSedmolestie.com P.O. Box 842, 7183 Nonummy Av."
04/07/2021,Dorothy Quam Corp. libero@ornareliberoat.org 2529 Pharetra Avenue
12/11/2020,Emmanuel Congue Consulting eget.lacus@adipiscinglacusUt.com Ap #187-586 Imperdiet St.
08/20/21,Forrest Justo Sit Amet Incorporated et.magnis@Vestibulumaccumsan.org Ap #167-7726 Erat Ave
11/18/21,Sybill Lorem Ipsum Dolor Industries nunc.risus@pellentesquetellus.org Ap #917-7073 A St.
05/13/21,Lionel Nunc Foundation Aliquam.rutrum@massarutrummagna.org 1723 Egestas. Rd.
12/21/19,"Cassandra Donec At Arcu LLP placerat.Cras.dictum@Infaucibus.edu 887-9459 Placerat, Ave"
05/26/21,Jacob Fusce Feugiat Lorem Incorporated vel@egestasa.com 6220 A Road
11/25/20,Tatiana Ipsum LLC convallis@gravida.com 4694 Morbi St.
01/26/21,"Isabella Lorem LLP convallis@estNuncullamcorper.edu 7598 Elementum, Road"
01/29/21,"Adrienne Nec Eleifend Non Limited Nulla.aliquet@pellentesque.com 625-771 Non, St."
10/26/21,Omar Commodo Institute quam.a@luctussit.org Ap #461-2655 Scelerisque St.
02/17/21,Melanie Lobortis Institute auctor.quis.tristique@eratSed.com Ap #744-5893 Nec Ave
11/07/2021,Louis Nisl Sem Consequat Consulting rutrum.magna.Cras@sitamet.ca 3936 Consequat Rd.
05/28/21,Cullen Non Lacinia LLC sed.pede.nec@massanonante.co.uk 164 Velit St.
02/12/2021,"Abbot Ad Litora LLC eu.dui@orci.edu Ap #586-7920 A, St."
05/18/20,Selma Tortor Nibh Sit Institute consequat.auctor@aliquet.com Ap #927-3329 A Ave
09/11/2021,"Sacha Vitae Erat PC interdum@fames.co.uk P.O. Box 512, 8097 Id, Rd."
05/27/20,Roary Tortor Limited rutrum.Fusce@orcitinciduntadipiscing.com 604-120 Rutrum Ave
09/02/2020,"Hillary Egestas Sed Pharetra Associates facilisis@noncursusnon.org P.O. Box 767, 9100 Duis Rd."
02/06/2021,"Rhea Cras Interdum Nunc Institute nulla@purusDuis.edu 3820 A, Avenue"
07/11/2021,Kim Ullamcorper Viverra Incorporated nec.urna@ultricies.co.uk 4135 Est Avenue
04/25/20,Abbot Tristique Senectus Et Institute Sed.neque.Sed@a.co.uk Ap #202-7954 Phasellus Street
12/23/20,"Ginger Eu Ltd elit.pretium@rhoncusProinnisl.org P.O. Box 722, 1688 Congue Av."
04/23/21,"Isaiah Fringilla Corp. elit@justoeu.net P.O. Box 429, 7726 Ultrices Rd."
09/30/20,"Illana Ac Fermentum Vel Industries Aliquam.erat@Sedet.co.uk 480-7584 Nec, Rd."
10/15/21,Odette Primis In Consulting ac.risus.Morbi@amalesuadaid.org Ap #344-2166 Massa. Ave
09/14/21,"Kieran Dui In Inc. at@auctorvitaealiquet.com P.O. Box 195, 3633 Tristique Avenue"
09/15/21,"Reece Eu Corp. a.facilisis.non@velit.org P.O. Box 670, 9172 Sollicitudin Street"
05/01/2021,"Beatrice Velit LLP et.rutrum.eu@rhoncusDonec.co.uk 5050 Eu, Avenue"
08/23/21,"Sybil Magnis Dis Corp. mus.Aenean.eget@acturpis.org P.O. Box 820, 1293 Venenatis Road"
12/21/20,Cameran Vitae Company diam.nunc@dictum.edu 969-2931 Vitae St.
07/26/21,Upton Pede Suspendisse Foundation tempus.non@Sedauctorodio.ca 496 Lobortis Avenue
01/31/21,Lani Suspendisse Sagittis LLP Quisque@non.com 6883 Feugiat. St.
10/16/20,Delilah Tellus Imperdiet Inc. risus@aliquam.org Ap #146-1858 At St.
05/13/21,Macaulay Lacus Ltd Aliquam@mollis.org 860-9765 Ligula. St.
12/21/19,Sydnee Eleifend Non Dapibus Consulting erat.nonummy@Vestibulum.org Ap #159-8345 Vel Av.
10/10/2021,"Natalie Risus Morbi Institute ornare.egestas@Maurisnon.co.uk Ap #740-6809 Amet, Road"
01/27/21,"Adria Vulputate Posuere Corporation orci@euodiotristique.net P.O. Box 652, 6470 Hendrerit St."
04/18/20,"Todd Blandit Enim Ltd gravida.Praesent@arcu.co.uk Ap #633-6145 Id, St."
10/13/21,Preston A Scelerisque Sed Inc. tincidunt.aliquam@non.edu 622-5562 Metus. Ave
10/22/20,"Callum Consectetuer Adipiscing LLC suscipit.est.ac@utnisi.ca P.O. Box 536, 5445 Sem, Avenue"
01/03/2021,Preston Facilisis Ltd fringilla@pharetrafeliseget.co.uk 490-7581 Eget Av.
03/30/20,Desirae Lorem Company et@dictumplacerataugue.net 227-3540 Scelerisque St.
11/10/2020,Malik Nec Mauris Corporation ante.iaculis@blanditviverraDonec.ca 8943 Sociis St.
02/13/21,"Rhea At LLC dignissim@tellusloremeu.org P.O. Box 419, 8460 Nunc Road"
07/15/20,Ira Etiam Imperdiet Dictum Institute nisi.dictum.augue@sapienmolestieorci.ca 238-1486 Posuere Rd.
04/12/2020,Chloe Neque Consulting urna.Nullam.lobortis@euismodetcommodo.co.uk 373-4572 Lorem St.
03/09/2020,Pandora Cras Sed Company elementum@rhoncus.com Ap #252-1541 Leo Ave
05/17/21,"Gay Quisque Porttitor Eros Industries ac.mattis@Phasellusliberomauris.edu P.O. Box 912, 5429 Nisi Road"
06/11/2020,Emmanuel Sagittis Augue Consulting Sed@iaculislacus.org Ap #448-9113 Arcu St.
11/10/2020,"Keely Velit Consulting a.auctor.non@dis.com P.O. Box 963, 4384 Dictum Rd."
04/29/21,Halla Ut Industries ipsum.porta.elit@Suspendissealiquetmolestie.net 4832 Aliquam St.
12/19/19,"Halla Ullamcorper Eu Institute fermentum@venenatis.net 439-3043 Orci, Ave"
05/21/21,Britanni Duis Sit Institute Proin.nisl@euismod.edu Ap #303-2338 Etiam St.
04/27/20,"Cameron Nascetur LLC blandit.enim.consequat@erat.edu P.O. Box 945, 192 Mattis. Road"
02/23/20,Veda Id Ante Dictum Ltd sed@pedemalesuadavel.net 4735 Libero Street
04/12/2020,"Julie Porta Incorporated Proin.mi.Aliquam@pedeSuspendisse.com P.O. Box 405, 5739 Malesuada Street"
02/09/2020,Selma Eu Corp. arcu.Vestibulum.ante@ac.edu Ap #879-7631 Eu Rd.
11/10/2020,"Jakeem Pede Ultrices LLC nec@non.ca P.O. Box 229, 1271 Donec Street"
10/28/21,Samson Natoque Penatibus Et Consulting nibh.enim.gravida@rutrumnon.net 5106 Orci Av.
10/25/20,Colt Nunc Mauris Sapien Institute nec.leo.Morbi@ultrices.edu Ap #917-1073 Bibendum Ave
10/10/2021,"Herman Felis Ullamcorper Viverra Inc. Duis.dignissim.tempor@Duisat.co.uk P.O. Box 391, 3906 Nec Avenue"
06/03/2021,Erin Parturient Consulting ac.mattis.velit@Suspendissedui.edu Ap #503-1015 Vel Rd.
05/08/2020,Serina Arcu Eu Odio Institute sit.amet@famesac.co.uk Ap #865-9474 Vehicula St.
02/12/2020,Jermaine Consequat Nec Mollis Company malesuada.malesuada@placerataugue.edu 9467 Lobortis Rd.
10/24/20,Irene Dolor Dapibus Gravida Incorporated et@atrisusNunc.net Ap #687-9954 Sem Av.
09/20/21,"Kristen Nibh Sit Amet Consulting velit.egestas.lacinia@Quisquepurus.net 663-4568 Vulputate, Rd."
12/22/19,Abdul Nibh Aliquam Ornare Consulting et@Integer.com 150-194 Nulla Avenue
03/22/20,Davis Scelerisque Foundation egestas.Duis.ac@acturpis.org 466-3732 Est Av.
09/16/20,Aaron Quam Dignissim Institute urna@massarutrum.ca 8826 Parturient Avenue
09/06/2021,"Vladimir Semper Ltd Curabitur.consequat.lectus@euultricessit.net 366-2237 Ornare, Ave"
11/14/20,"Yeo Id Magna Et Foundation sed.orci@Fuscemilorem.edu Ap #296-1607 Sed, Rd."
10/05/2021,"Carolyn Mauris Foundation sed.pede.nec@duisemperet.edu P.O. Box 548, 6161 Eu St."
08/25/21,Kelsie Eu Accumsan Sed Incorporated id.enim@tortor.com 829-7343 Tellus. Av.
10/19/20,Gregory Magna Sed Limited Nunc.mauris@enimSuspendisse.ca 893-8813 Vitae St.
07/16/20,Aaron Adipiscing Ligula Aenean Associates at.pretium.aliquet@orciUt.net 938-7553 Neque Road
06/15/20,Martha Dui Fusce Diam Consulting magna@eutemporerat.co.uk 192 Arcu Road
10/18/20,Macy Elit Fermentum Inc. dolor.Nulla@turpisegestas.co.uk Ap #851-1808 Suspendisse St.
08/07/2021,Peter Eleifend Incorporated Phasellus.dapibus.quam@Integervulputaterisus.org 719-6169 Libero Av.
04/02/2021,"Jade Nec Company Nulla.facilisi@non.co.uk Ap #722-1421 Ut, Rd."
07/23/20,"Colin Rutrum Justo PC pretium.et@augue.ca P.O. Box 849, 8622 Vivamus Rd."
01/18/21,Jermaine Gravida Industries nunc.risus@sapienNuncpulvinar.co.uk Ap #610-3673 Gravida. Street
03/08/2020,"Dante Interdum Inc. eleifend.nec@dui.com P.O. Box 578, 2717 Eu Rd."
07/20/21,"Uma Velit In Aliquet Foundation sem@risusatfringilla.edu P.O. Box 871, 9718 Erat Rd."
04/17/20,Reece Suspendisse Ac Metus Incorporated ac.facilisis.facilisis@faucibus.com 696-9194 Amet Rd.
07/22/21,"Catherine Aliquet LLC consequat.dolor.vitae@aliquetvel.ca P.O. Box 720, 7826 Dapibus Rd."
06/01/2020,Hanna Blandit Limited purus.ac@nectempus.co.uk 635-3801 Interdum. Ave
03/06/2021,Ginger Donec Est Mauris Institute Cras.vehicula.aliquet@estac.edu Ap #876-848 Nam Ave
12/27/19,Mason Proin Ultrices Industries commodo.auctor.velit@urna.org 279-835 Proin St.
05/29/21,"Hannah Orci Limited faucibus.ut@ultriciesdignissim.co.uk 6986 Sem, Av."
12/15/21,"Zephania Egestas Rhoncus Foundation id@pretium.co.uk P.O. Box 811, 1948 Ipsum Street"
08/13/21,Ross Tristique Ac Incorporated vitae.erat.Vivamus@pharetra.edu 4566 Mollis Ave
11/15/21,Armand Diam Nunc Inc. Aliquam.erat.volutpat@malesuadavelvenenatis.co.uk Ap #432-2982 Mi Rd.
05/03/2021,Demetria Purus Duis Associates ornare.sagittis@arcu.ca Ap #622-9020 Fermentum St.
03/23/21,"Owen Luctus Vulputate Nisi Consulting sit.amet.orci@amet.edu 9603 Consectetuer, Avenue"
11/01/2021,Kamal Sed Sapien Nunc Institute eros.Proin@elementumdui.co.uk Ap #306-9836 Sit St.
01/27/21,Howard Nonummy Ut Molestie Industries Pellentesque.habitant@faucibusleo.ca 102 Eu Rd.
01/20/20,Elizabeth Phasellus Fermentum Convallis LLP eu.metus.In@intempus.edu 5055 Eu Rd.
10/04/2020,"Patience Dictum Eu Ltd Mauris.non@scelerisque.ca P.O. Box 219, 709 Magnis Av."
08/06/2021,"Gage Luctus Vulputate Nisi LLP elit.dictum.eu@pretiumaliquetmetus.ca P.O. Box 269, 2505 Feugiat. Rd."
10/19/20,Chase Feugiat Inc. ligula.Donec@pede.co.uk 696-9401 Cum Av.
03/05/2020,Karyn Arcu Vivamus Institute lectus.pede@diamProindolor.ca Ap #417-3764 Ridiculus Rd.
07/02/2020,"Whilemina A LLC at.arcu@mifringilla.net 841-3549 Nec, Road"
08/14/20,Florence Aliquam Inc. consequat.lectus@urnaVivamusmolestie.co.uk 5482 Et Av.
03/15/21,Hasad In Sodales Associates dictum.cursus@scelerisque.co.uk 2924 Nulla St.
10/12/2020,Lydia Orci Limited Sed.molestie@magnaaneque.co.uk Ap #480-3477 Dapibus Av.
01/29/20,"Vaughan Cum Sociis Ltd ullamcorper.nisl.arcu@enim.co.uk P.O. Box 835, 6102 Aliquam St."
01/16/21,"Odessa Duis Gravida LLC ligula.Aliquam.erat@erat.com P.O. Box 205, 6498 Dictum St."
03/29/20,"Vladimir Aliquam Erat Consulting sed@adipiscingnonluctus.org 290-1648 A, Street"
11/06/2021,Gary Amet Consectetuer LLC netus.et.malesuada@sollicitudin.com 535-4099 Dictum Rd.
10/27/21,Hope Nunc Commodo Institute ac.facilisis.facilisis@magnaNamligula.ca 550-2818 Rutrum St.
09/02/2020,Kay Rutrum Magna Cras LLP enim.commodo.hendrerit@temporaugue.com Ap #408-3147 Aliquam Street
08/28/21,Yvette Nibh Sit Institute sociis.natoque@feugiatmetussit.co.uk Ap #796-9620 Rutrum Rd.
06/04/2021,"Kermit A Scelerisque Foundation non@nonummy.edu P.O. Box 821, 8137 Ac Road"
05/24/20,Valentine Cursus Diam PC dignissim.magna@varius.co.uk 668-1744 Aliquam Road
06/22/21,"Carter Semper Associates cursus@dolor.org P.O. Box 627, 7028 Tempus Rd."
09/13/20,"Kaye Dictum Eleifend Nunc Company metus.In.lorem@Aeneaneget.com P.O. Box 528, 4477 Tellus Rd."
04/22/21,"Winter In Dolor Associates ut.pellentesque@maurisidsapien.org P.O. Box 627, 3026 Erat St."
08/12/2021,Odette Placerat Orci Lacus Corporation In.nec.orci@suscipitestac.ca Ap #209-5231 Nam St.
08/15/21,"Byron Viverra Donec Tempus LLP elit.a@orci.org P.O. Box 762, 9849 Sem Ave"
11/13/20,Ariana Tortor Corporation magnis.dis@necorciDonec.net 7756 Nec Av.
12/26/19,Hyacinth Mi Fringilla Corporation pede@placerat.org 2055 Dolor St.
04/29/21,Rae Metus Institute Pellentesque@seddictumeleifend.co.uk 586 Lorem. Road
01/05/2020,"Channing Ornare Inc. Aliquam@Curabiturvel.co.uk P.O. Box 327, 1502 Consectetuer St."
11/06/2021,"Mara Posuere Enim Incorporated dui.Fusce.aliquam@miDuisrisus.co.uk P.O. Box 548, 9389 Tristique Avenue"
11/11/2020,Lucian Tincidunt Vehicula Incorporated interdum.enim.non@Etiamimperdiet.net 302-140 Parturient Av.
11/26/20,Gabriel Vel PC lacus.Cras.interdum@tellusPhaselluselit.ca Ap #590-6941 Sociosqu Av.
10/14/20,Breanna Dictum Eu Inc. dolor.dapibus.gravida@adipiscing.net 431-1084 Scelerisque Rd.
08/13/21,"Kareem Nisl Sem Consequat Corporation lacus.Cras@ultriciesornare.edu P.O. Box 566, 7361 Eu, Rd."
11/19/21,Eric Massa Rutrum Inc. Morbi@pharetrautpharetra.net Ap #917-1217 Enim St.
03/22/20,Phyllis Luctus Incorporated dapibus@Sednulla.edu 5757 Hymenaeos. Av.
08/08/2021,Germane Fusce Limited ligula@duiFusce.ca 738-218 Aliquet. Rd.
09/22/20,Logan Tincidunt Donec Vitae Company Nulla@pellentesquemassa.ca Ap #593-2839 Aliquam St.
02/23/21,Anastasia Ligula Donec Company tincidunt.adipiscing@aliquet.co.uk Ap #222-3713 Dignissim St.
02/14/21,Jordan Auctor Foundation augue@cursus.ca 166-1079 Justo Avenue
04/19/21,Chiquita Velit Egestas Corp. purus@augueeu.ca 1968 Tellus. Street
08/26/20,Zia Nascetur Incorporated nascetur@lobortismauris.org Ap #458-3557 Enim. Ave
08/28/20,Dana Scelerisque Neque Associates Phasellus.vitae@aliquamiaculis.net Ap #689-3873 Nunc Rd.
08/10/2020,Caldwell Sed Molestie Sed Inc. Duis.at@ornaresagittis.com 5913 Posuere Avenue
03/19/20,Oscar Magnis Dis Parturient Corporation eros.non@risus.net 313-9127 Eget Rd.
09/19/20,Lance Sit Amet Orci Limited hymenaeos.Mauris@molestiedapibusligula.com 923 Convallis Road
05/26/21,Winifred Urna Incorporated Proin@ac.org 797-1626 Dictum St.
05/30/21,"Perry Non Incorporated tincidunt@sagittisDuisgravida.net Ap #542-8821 Ornare, Street"
01/06/2020,"Vernon Tristique Limited accumsan.neque@estcongue.net 6981 Amet, Street"
09/22/21,Keefe Et Risus Ltd diam.dictum.sapien@laoreetipsumCurabitur.com 106-4169 Sed Av.
05/20/21,Dean Luctus Et Corporation sed@ipsumleo.ca Ap #681-3336 Molestie St.
12/27/19,Keiko Ornare Libero At Foundation semper.erat@diamat.net 749-1888 Nibh. Street
02/23/20,Barbara Amet Dapibus Company vitae.diam@sapien.org 184-229 Ante Rd.
09/11/2021,Zachery Sit Company Donec.felis.orci@anteiaculisnec.ca 107-8017 Ligula. Street
08/06/2020,Aidan Ornare Associates sit.amet@gravidamolestiearcu.co.uk 291-8432 Est Rd.
09/08/2020,Ivan Augue Malesuada Malesuada Consulting felis.Donec@erat.ca Ap #672-3499 Varius St.
10/31/20,Yvonne Donec Egestas LLC lectus.convallis.est@blanditatnisi.com Ap #459-1684 In Avenue
01/22/21,Pamela Dolor Company eget.varius.ultrices@accumsan.com 350-5542 Mauris. St.
05/14/21,"Wyoming Urna Nec Luctus Incorporated sagittis.lobortis.mauris@necmollis.co.uk 494-8917 Nostra, Avenue"
07/14/21,"Solomon Quis Urna Nunc Corp. quam.a@nibhvulputatemauris.net Ap #923-9822 Nec, St."
02/04/2020,Ferdinand Magna Institute ac.turpis@dui.ca Ap #801-9579 Sodales Av.
05/03/2020,"Brooke Sed Pede Nec Institute mi.fringilla@duiinsodales.co.uk P.O. Box 407, 9871 Sociis Ave"
04/09/2021,Holly Mauris Vestibulum Neque Corporation posuere.cubilia@pede.co.uk 607-8871 Sem. Road
04/02/2020,Dawn Mi Associates molestie@cursus.org 518 In St.
06/11/2021,Mufutau Nullam Nisl Company mollis.non.cursus@convallisdolor.ca 9122 Magna. St.
01/27/21,"Jacob Neque Morbi Quis Ltd ipsum.porta@velitegetlaoreet.co.uk P.O. Box 470, 5325 Aliquet St."
07/16/21,Cadman Nec Tempus Foundation Proin@molestiedapibus.net Ap #223-7347 Magna Road
05/07/2020,Ronan Magna A Tortor Institute blandit.viverra.Donec@Nunc.net 609-676 Porttitor Rd.
11/08/2020,"Reece Ut Erat Sed Industries lacus.Cras.interdum@aliquetlobortis.com P.O. Box 604, 5197 Nisi St."
07/20/21,Lydia Integer Corp. mollis@natoquepenatibus.ca 975 Ante Ave
08/02/2020,"Gay Cum Sociis Natoque Corp. Morbi.metus@lectusconvallisest.org P.O. Box 546, 1916 Curabitur Avenue"
12/15/20,Hilda Metus Aliquam Erat LLP Nunc.ullamcorper.velit@semut.com 8399 Fermentum St.
10/24/20,India Auctor Incorporated vel@massalobortis.org 277-7832 Fermentum St.
03/18/21,Tobias Mauris Ut Quam Company Maecenas.mi.felis@temporaugue.edu Ap #899-1864 Viverra. Avenue
07/26/20,Josiah Quisque Nonummy PC interdum@Donec.co.uk 7605 Convallis St.
06/19/21,"Gil Vestibulum PC vehicula.aliquet@Phasellus.org P.O. Box 656, 7951 Lorem Road"
07/09/2021,"Vivian Blandit Inc. tortor.Nunc.commodo@laoreetlectusquis.ca P.O. Box 683, 5123 Dui, Av."
12/17/19,Alexander Convallis Est Institute faucibus.Morbi@iaculisaliquet.org 4640 Id Av.
10/15/21,Melissa Ut Sagittis Lobortis PC aliquet@sem.net 623-9736 Pellentesque St.
04/21/20,Tarik Tempor LLP tellus.non.magna@turpisegestas.co.uk Ap #740-6804 Turpis. Av.
06/18/21,"Nell Nulla Integer Urna Corporation diam.vel@egestasAliquamnec.org 8403 Lorem, St."
04/07/2020,Ahmed Magna Malesuada Vel Ltd neque.pellentesque.massa@et.ca Ap #389-1064 Porttitor Avenue
01/07/2020,Neville Per Inceptos Hymenaeos Corporation erat@Inmipede.co.uk 5133 Leo. Avenue
07/31/21,Steven Rhoncus Proin Foundation imperdiet.non.vestibulum@nec.co.uk 376-6469 Nam Ave
12/12/2020,"Guinevere Imperdiet Nec Company Proin@interdum.ca 896-1688 Pharetra, Av."
08/02/2020,Lester Fusce Aliquet Magna Corporation non.hendrerit@molestieSedid.co.uk Ap #618-6899 Aliquam St.
09/08/2021,Vivien Dolor Donec Fringilla Corp. amet@pellentesquemassa.org 751-2417 Cursus Rd.
07/24/20,Dane Cubilia Curae Phasellus Institute Donec.fringilla.Donec@nonarcuVivamus.ca 7823 Metus. St.
04/29/20,Phelan Eu Nibh Limited lectus.a.sollicitudin@aliquetnecimperdiet.co.uk Ap #794-2861 Aliquam St.
09/28/21,Dai Risus Odio Corporation senectus.et.netus@euismodmauriseu.com 2515 In Rd.
11/14/21,Chase In Felis Nulla LLC risus.odio@Seddiamlorem.edu 728-6938 Lorem Ave
11/04/2021,"Freya Nunc Ut Industries lacinia@rutrum.net P.O. Box 227, 5206 Arcu. Street"
12/22/20,Moses Cum Sociis Industries Nullam.suscipit.est@nisiMauris.co.uk 930-3741 Consectetuer Street
02/03/2021,Britanni Ac Associates sit.amet@amet.com 894-9566 Nam Av.
10/11/2020,Guinevere Sapien Cras Dolor Associates bibendum@purusMaecenas.ca 551-3898 Velit Avenue
09/26/20,"Ori Diam Industries vitae.purus@egestasascelerisque.com P.O. Box 323, 411 Ut, Rd."
08/12/2020,Paloma Interdum Inc. vel.pede@aliquetdiamSed.ca 7281 Eget Av.
07/12/2021,Moana Aliquam Erat Volutpat Corp. auctor.quis@Phaselluslibero.ca 455-1782 Mollis. Rd.
06/29/21,"Cruz Laoreet Lectus Company semper@semper.org Ap #443-2238 A, Rd."
03/13/20,Damon Posuere At Velit Consulting dolor@insodaleselit.edu 589-5422 Sed St.
08/01/2021,"Alvin Erat Volutpat Nulla Industries lectus.ante.dictum@PhasellusnullaInteger.org P.O. Box 219, 1841 Enim Ave"
11/09/2021,Hillary Posuere Vulputate Limited faucibus.Morbi@imperdiet.org Ap #846-5928 Lacus. Rd.
04/01/2020,Ruby Ac Risus Morbi LLC nunc@temporestac.edu 333-3133 Mauris Rd.
04/27/21,"Rhoda Mauris Rhoncus PC et.magnis@duinec.co.uk P.O. Box 926, 5385 Quam, St."
10/18/20,Megan Nibh Company augue@mollis.ca Ap #110-706 Luctus Rd.
01/19/21,Henry Nisi Company ultrices@feugiatnon.co.uk 225-6602 Malesuada Rd.
11/07/2020,Sean Luctus Lobortis Class PC Sed.nec@ami.ca Ap #447-8322 Tincidunt Avenue
08/19/21,Elaine Mauris Quis Turpis Company Duis.risus.odio@semmagna.edu 9230 Pharetra. Rd.
05/02/2020,Justina Cursus Corporation magna.tellus@libero.net 3629 Arcu St.
02/07/2020,"Sharon Risus Foundation dapibus.gravida@Proinvelnisl.co.uk P.O. Box 481, 9703 A Av."
08/05/2020,Kimberly Nullam Ut Nisi LLP placerat@id.net 2099 Senectus Ave
02/07/2021,Jillian Phasellus Incorporated sem.molestie@morbitristiquesenectus.com 9783 Duis Rd.
11/13/21,Quin Ut Sagittis Lobortis Inc. sit@Fuscediam.net Ap #360-8777 Habitant Street
02/03/2021,"Karly Semper Inc. auctor.odio@sed.co.uk Ap #221-7454 Non, Avenue"
08/17/21,"Jamal Mauris Corp. nisl@aliquamiaculis.co.uk P.O. Box 782, 3262 Vel, Av."
07/26/21,Vernon Sed Eu Eros Associates sollicitudin.a.malesuada@facilisis.net 753-681 Aenean Avenue
08/29/21,Kay Id Mollis Corp. Donec.est.mauris@tinciduntpede.co.uk 136-6938 Tellus Street
09/11/2021,Ginger Nec Enim Nunc LLC Donec.est.mauris@nequeMorbi.net 733-3706 Mi. Rd.
03/03/2020,"Carl At Velit Pellentesque PC luctus.lobortis.Class@mi.co.uk P.O. Box 353, 2666 Sit Road"
05/09/2021,"Kaitlin Velit Cras Lorem PC auctor.vitae@elitelitfermentum.ca P.O. Box 444, 3895 Eget Road"
07/04/2021,"Margaret Lorem Vehicula Et Industries diam.luctus@consectetueripsumnunc.co.uk P.O. Box 859, 4583 Aliquam Street"
07/16/21,Leslie Gravida Nunc Associates congue.elit.sed@felisDonec.co.uk Ap #832-5225 Auctor Ave
02/19/20,Jennifer Ac Turpis Associates sodales.at@consequatlectussit.ca 4161 Non St.
09/12/2020,"Clayton Semper Et LLP magna@Uttinciduntorci.net P.O. Box 467, 3029 Pharetra. Street"
12/10/2020,"Isabelle Quisque Company iaculis@vitae.org P.O. Box 846, 1695 Egestas. Rd."
05/14/20,Kelly Nulla In Tincidunt Industries Cras.convallis@massaQuisqueporttitor.org 955-2540 Nisi. Ave
05/23/20,Jack Sagittis Institute imperdiet.ornare.In@etmagnis.com Ap #231-8099 Aliquam Avenue
02/01/2021,Quin Ut Dolor Dapibus LLC erat@laciniaorciconsectetuer.com 683-2211 Tristique Av.
01/27/20,"Yvonne Orci Donec Industries ac@fermentumvel.ca P.O. Box 129, 2614 Fringilla. Rd."
06/19/20,Hiram Feugiat Lorem Ipsum Ltd egestas@euligula.co.uk Ap #726-7302 Nunc Rd.
09/04/2020,Sigourney Amet Luctus Vulputate PC libero@semper.com 4461 Dapibus Rd.
04/13/20,"Barbara Convallis In Company ultrices.sit@magna.ca P.O. Box 839, 8354 Praesent Rd."
10/17/20,"Vivien Posuere Institute libero@laoreetlectusquis.com P.O. Box 346, 6089 Hendrerit Rd."
08/03/2020,Arden Integer Tincidunt Ltd mollis.dui.in@pretiumnequeMorbi.net Ap #746-9157 Dui. Av.
03/18/21,"Lucy Id Ante Nunc Foundation eu.odio.tristique@Etiamligula.com 508-9501 Mauris, St."
04/27/21,Oscar Nunc LLC ligula.tortor@felisDonectempor.edu Ap #519-5369 Morbi Rd.
08/02/2021,"Lacey Morbi Non LLC cubilia.Curae.Phasellus@blandit.co.uk P.O. Box 528, 2462 Pede Rd."
10/27/20,"Carson Morbi Quis Urna Foundation Quisque@nonmassa.ca P.O. Box 797, 2748 Tortor, Avenue"
08/09/2020,Abdul Scelerisque Foundation Sed@lobortisauguescelerisque.ca 676-2166 Ipsum. St.
10/10/2021,"Abigail Velit Foundation enim.gravida.sit@in.edu P.O. Box 847, 564 Aenean St."
02/11/2020,"Shelby Velit LLP risus.Donec@consectetueripsumnunc.org P.O. Box 402, 5790 Tellus Road"
10/17/21,Maite Gravida Sagittis Institute eu.erat@loremfringillaornare.ca 5171 Molestie Road
04/04/2021,Carl Sed Turpis Associates Fusce@Vivamusrhoncus.org Ap #232-1212 Lacus. Rd.
01/19/21,Magee Amet Orci Ut Industries nonummy.Fusce@Suspendisse.edu 8830 Ut Av.
12/27/20,Patience Dolor Institute scelerisque.lorem.ipsum@mauris.edu 814-3621 Nullam Rd.
11/15/20,Zahir Proin Ultrices Foundation Quisque.tincidunt.pede@Maecenasmalesuada.ca 877-9311 Praesent St.
03/06/2020,Naida Et Institute gravida.sagittis@Praesentinterdumligula.ca 1510 Porttitor St.
04/18/21,Nathaniel Fringilla Euismod Enim Associates cursus@vitaeposuereat.com 5713 Ut Rd.
06/11/2020,India Aliquam Vulputate LLC Integer.mollis@sapien.ca 5713 Enim. Ave
04/24/21,"MacKensie Cras Corporation penatibus@Aliquamrutrum.net P.O. Box 646, 8607 Aenean Av."
01/21/21,Sloane Metus Corp. et.malesuada.fames@feugiatnecdiam.ca 597-5177 Eget Street
03/13/20,Leigh Tellus Non Incorporated dis.parturient@ridiculus.ca Ap #622-9749 Quis St.
07/14/21,"Phillip Nam Ac Nulla Industries scelerisque.lorem@tempusnon.net P.O. Box 104, 9008 Arcu Street"
02/22/20,"Lucas Auctor Velit Institute vel@aliquetsemut.ca P.O. Box 763, 2534 Eu Road"
11/30/21,Inez Dapibus Quam Quis Foundation Duis@convallisdolor.org 9827 Ut St.
12/07/2020,Wyatt Vel Corporation odio.auctor.vitae@sociis.net 6463 Sed Rd.
12/15/21,"Alana Consequat Institute sapien.imperdiet.ornare@a.ca 8168 Lacus, St."
07/28/21,"Juliet Diam Luctus Incorporated consectetuer.euismod@esttemporbibendum.edu Ap #661-7754 Lobortis, Rd."
06/18/21,"Nigel Amet Dapibus Id Consulting sed.sem.egestas@nibhvulputatemauris.ca P.O. Box 164, 9961 Ut St."
03/25/20,Neve Massa Suspendisse Ltd auctor.vitae.aliquet@maurisblandit.org 3151 Eget Av.
04/18/20,Mira Integer Consulting orci.consectetuer.euismod@non.com Ap #579-996 Nunc Ave
03/28/20,"Ira Pellentesque Tellus Foundation eget@nonlacinia.com P.O. Box 238, 7455 Ultricies St."
07/26/21,Aspen Orci Lacus Foundation egestas.hendrerit.neque@vel.net 973-8882 Elit. Road
04/02/2021,Kendall Montes Nascetur PC vulputate.dui.nec@seddui.org 7497 Ultricies Ave
07/03/2020,May Mus PC quis@commodoipsumSuspendisse.ca 400-2886 Lobortis Rd.
11/04/2020,Rajah Tincidunt Adipiscing Consulting egestas.a@Loremipsum.net Ap #175-3692 Cras Avenue
07/07/2021,Judith A Tortor Nunc PC per@non.org 5685 Sed Avenue
06/03/2020,Brittany Feugiat Corp. Mauris.eu.turpis@vitae.edu 573-6889 Nunc St.
08/06/2021,Keaton Bibendum Ullamcorper Duis Associates nulla.In.tincidunt@placerategetvenenatis.net 4831 Quis St.
11/14/20,"Nissim Et LLP enim.mi@imperdietullamcorperDuis.ca 1368 Risus, Road"
08/05/2021,Jameson Mattis Cras Associates Nam.interdum@Mauris.org 295-7977 Accumsan St.
04/04/2020,"Hashim Lorem Auctor Quis Institute Sed.malesuada@posuerecubilia.edu P.O. Box 847, 5321 Nunc Road"
04/22/20,"Hilda Morbi Corp. magna.sed@ultricies.edu P.O. Box 540, 1282 Lorem St."
08/22/20,Rana Felis Orci Inc. dictum.eu@magnatellusfaucibus.co.uk Ap #112-8136 Euismod Av.
05/07/2021,Xavier Suscipit Nonummy Incorporated Curabitur.egestas@sociisnatoquepenatibus.com 423-5650 Neque Av.
04/25/20,Mira Sagittis Duis Company eleifend.vitae.erat@nonenimcommodo.co.uk 346-257 Adipiscing Rd.
04/06/2020,Giacomo Hendrerit A Arcu Company eleifend.Cras@dolorNulla.co.uk 3128 Lobortis St.
04/20/21,Eleanor Nulla Cras LLC egestas.Aliquam.nec@sedhendrerit.net 7106 Rutrum Rd.
08/10/2021,Mohammad Ornare LLP ante.ipsum.primis@placerat.edu Ap #627-9079 Justo St.
01/04/2021,Ronan Donec Company tincidunt.congue.turpis@velitPellentesqueultricies.com 7976 Ac Av.